Country,Category,1990,1991,1992,1993,1994,1995,1996,1997,1998,1999,2000,2001,2002,2003,2004,2005,2006,2007,2008,2009,2010,2011,2012,2013,2014,2015,2016,2017,2018,2019,2020,2021,2022,2021 - 2022 (%) ,2000 - 2022 (%/year) 
World,Total energy production,8765,8781,8830,8862,8993,9205,9430,9558,9670,9693,9977,10154,10225,10656,11168,11518,11849,12059,12303,12170,12755,13085,13270,13448,13659,13714,13669,13973,14459,14749,14155,14588,15123,4,2
OECD,Total energy production,3441,3471,3497,3491,3604,3666,3764,3798,3803,3784,3827,3879,3868,3848,3888,3863,3886,3870,3883,3813,3905,3883,3909,3998,4152,4173,4074,4190,4383,4539,4336,4374,4517,3,1
G7,Total energy production,2530,2531,2545,2529,2627,2664,2711,2715,2724,2710,2710,2723,2698,2658,2674,2646,2671,2665,2675,2624,2674,2677,2691,2764,2917,2946,2842,2956,3159,3300,3099,3151,3267,4,1
BRICS,Total energy production,2648,2592,2530,2492,2502,2579,2616,2601,2613,2644,2721,2813,2924,3177,3409,3600,3769,3932,4028,4083,4391,4573,4617,4705,4771,4802,4716,4890,5115,5309,5277,5532,5700,3,3
Europe,Total energy production,1129,1129,1132,1140,1164,1195,1250,1249,1219,1221,1229,1236,1243,1238,1234,1199,1178,1148,1155,1113,1127,1085,1082,1065,1042,1048,1042,1042,1042,1014,976,988,963,-3,-1
European Union,Total energy production,746,731,719,712,702,708,725,718,688,679,680,689,693,698,714,707,707,693,701,671,699,685,689,690,672,654,639,633,631,610,565,587,551,-6,-1
Belgium,Total energy production,13,12,12,12,11,12,12,13,13,14,14,13,13,14,14,14,14,14,14,15,16,16,14,15,13,11,15,15,12,16,14,18,16,-9,1
Czechia,Total energy production,41,39,37,36,34,32,33,33,32,29,31,32,32,34,33,33,34,34,33,32,32,33,33,30,30,29,27,28,28,27,24,25,26,7,-1
France,Total energy production,111,118,120,126,123,127,131,128,125,127,130,132,134,135,136,137,136,134,136,129,135,136,135,137,138,139,131,129,135,131,120,127,105,-18,-1
Germany,Total energy production,187,169,164,152,145,145,143,144,136,137,136,135,135,136,138,138,141,139,136,129,132,125,126,124,121,120,115,115,112,104,97,102,96,-6,-2
Italy,Total energy production,25,26,27,28,30,30,30,30,30,29,28,27,28,30,30,31,31,32,34,33,34,32,35,37,37,37,34,34,35,34,35,34,33,-5,1
Netherlands,Total energy production,61,68,68,69,67,67,75,67,64,60,58,61,61,59,68,62,61,60,68,63,71,66,66,70,60,48,46,41,37,33,27,26,25,-7,-4
Poland,Total energy production,104,100,97,97,97,99,99,100,87,83,79,80,79,79,78,78,77,72,71,67,67,68,71,71,68,68,67,65,65,62,58,60,60,1,-1
Portugal,Total energy production,3,3,3,3,3,3,4,4,4,3,4,4,4,4,4,4,4,5,4,5,6,6,5,6,6,5,6,5,6,6,6,6,6,-4,2
Romania,Total energy production,40,36,34,33,32,32,33,32,29,28,28,28,29,29,28,28,28,28,29,28,28,28,27,26,26,27,25,26,25,25,22,23,23,-1,-1
Spain,Total energy production,35,34,34,33,32,31,33,32,32,31,31,33,32,33,33,31,31,30,30,30,34,32,33,34,34,33,33,32,33,33,34,34,34,0,0
Sweden,Total energy production,30,31,29,29,31,32,32,32,34,33,30,34,32,31,34,34,32,33,33,30,33,33,35,35,34,34,35,36,36,37,34,36,36,1,1
United Kingdom,Total energy production,208,215,215,223,245,258,269,268,272,282,272,262,259,247,226,205,187,176,167,157,148,129,116,108,107,117,119,119,122,121,117,101,104,3,-4
Norway,Total energy production,116,126,141,149,164,175,200,205,199,202,218,227,234,234,236,231,222,215,220,217,210,200,206,196,196,207,209,214,206,195,208,213,216,1,0
Turkiye,Total energy production,25,25,26,26,26,26,27,28,29,27,26,25,24,24,24,24,26,27,29,30,31,31,31,29,29,32,36,37,41,46,45,47,51,9,3
CIS,Total energy production,1662,1570,1456,1362,1252,1213,1203,1163,1171,1208,1256,1294,1345,1432,1505,1550,1597,1636,1673,1587,1692,1730,1753,1779,1746,1739,1776,1844,1922,1965,1840,1948,1859,-5,2
Kazakhstan,Total energy production,91,92,90,79,71,64,64,66,65,66,79,84,91,102,115,119,128,132,144,148,157,160,165,169,161,145,149,166,174,167,159,157,156,-1,3
Russia,Total energy production,1293,1218,1139,1057,991,967,965,933,940,962,978,1008,1046,1119,1172,1203,1227,1239,1254,1190,1279,1299,1316,1331,1319,1334,1374,1429,1484,1530,1430,1522,1455,-4,2
Ukraine,Total energy production,136,119,112,100,87,82,74,75,75,76,76,76,77,76,78,79,82,82,82,77,77,82,84,84,72,64,61,59,61,60,57,59,50,-15,-2
Uzbekistan,Total energy production,39,40,41,43,46,45,45,47,50,51,50,51,53,51,53,52,53,55,57,55,54,52,50,48,45,45,46,46,55,54,45,49,47,-3,0
America,Total energy production,2544,2569,2590,2579,2685,2726,2808,2850,2881,2856,2888,2934,2917,2935,3003,3013,3077,3091,3122,3064,3133,3232,3284,3371,3531,3525,3409,3490,3638,3769,3533,3573,3766,5,1
North America,Total energy production,1923,1924,1938,1910,1993,2006,2034,2038,2051,2030,2037,2062,2042,2022,2046,2032,2072,2089,2109,2078,2122,2199,2247,2326,2485,2499,2406,2516,2703,2857,2686,2732,2878,5,2
Canada,Total energy production,276,288,297,319,341,352,361,367,368,367,375,379,387,389,401,401,418,420,408,392,398,413,426,447,469,471,485,517,539,541,519,537,557,4,2
United States,Total energy production,1647,1637,1642,1591,1652,1654,1673,1670,1683,1663,1662,1683,1655,1634,1645,1631,1654,1669,1701,1685,1724,1786,1820,1879,2016,2028,1921,1999,2164,2316,2167,2195,2322,6,2
Latin America,Total energy production,621,645,652,669,692,720,775,813,830,826,851,871,875,913,957,982,1005,1001,1013,987,1011,1033,1037,1045,1046,1026,1003,974,935,912,847,840,888,6,0
Argentina,Total energy production,47,49,52,56,62,66,71,75,79,81,83,83,82,86,87,84,85,81,82,79,78,74,75,73,72,73,74,73,75,78,73,75,81,7,0
Brazil,Total energy production,105,105,105,106,111,113,119,127,134,142,148,152,168,179,184,196,208,218,230,232,248,251,252,254,268,279,286,296,298,313,323,316,340,8,4
Chile,Total energy production,8,8,9,8,8,8,8,8,8,8,9,9,9,9,9,9,10,9,10,10,9,10,13,15,12,12,13,13,14,14,13,11,11,8,1
Colombia,Total energy production,49,47,49,49,51,60,66,68,74,77,74,74,70,75,77,81,86,89,96,101,109,124,128,133,134,132,128,127,124,126,96,98,98,1,1
Mexico,Total energy production,196,204,203,207,206,204,214,226,226,225,229,234,239,258,264,264,262,251,237,224,223,224,219,216,209,190,180,165,160,150,148,145,147,2,-2
Asia,Total energy production,1640,1686,1713,1762,1847,1967,2024,2045,2056,2077,2153,2220,2294,2468,2690,2885,3062,3201,3280,3424,3675,3847,3858,3945,4013,3988,3884,4002,4209,4368,4374,4588,4850,6,4
China,Total energy production,881,887,904,933,986,1065,1091,1081,1079,1074,1124,1176,1227,1375,1534,1671,1793,1917,1967,2052,2236,2386,2402,2467,2510,2506,2360,2457,2601,2729,2805,2948,3112,6,5
India,Total energy production,255,265,267,272,285,299,306,317,315,322,328,334,342,354,366,377,391,406,421,454,470,482,490,496,515,527,539,551,577,579,568,605,653,8,3
Indonesia,Total energy production,168,182,186,193,206,213,221,225,227,236,233,237,243,249,259,274,308,312,316,340,368,420,424,431,424,397,404,413,441,459,433,461,504,9,4
Japan,Total energy production,76,80,81,88,91,99,103,107,110,105,106,105,99,87,98,104,105,94,92,98,103,55,32,31,30,33,36,42,51,52,45,55,52,-6,-3
Malaysia,Total energy production,48,52,53,55,57,64,70,74,74,73,77,78,81,85,92,96,93,93,96,90,89,87,87,92,94,96,97,103,99,100,92,95,97,2,1
South Korea,Total energy production,22,22,20,20,19,21,22,24,27,31,34,35,35,38,38,43,44,43,45,44,45,47,46,44,49,51,51,49,45,48,53,53,58,9,2
Taiwan,Total energy production,11,11,10,10,11,11,11,11,12,12,12,12,13,13,13,13,13,13,13,13,13,13,13,14,14,12,11,9,10,12,11,11,10,-5,-1
Thailand,Total energy production,27,30,31,30,32,33,37,40,40,42,44,43,46,49,51,55,57,60,65,64,71,69,75,78,79,75,79,75,73,75,66,61,53,-13,1
Pacific,Total energy production,177,187,193,197,195,207,211,222,236,235,254,269,274,271,272,283,289,305,307,315,343,332,341,367,394,414,418,436,441,476,483,454,468,3,3
Australia,Total energy production,158,167,172,175,173,187,190,201,216,214,234,249,254,252,254,265,270,286,287,295,323,313,321,346,368,383,387,406,412,445,453,425,438,3,3
New Zealand,Total energy production,13,13,13,14,14,13,14,15,14,14,15,15,15,14,14,13,14,14,15,16,17,16,16,17,17,17,17,16,16,16,15,15,15,-1,0
Africa,Total energy production,673,700,709,720,731,758,787,825,837,847,868,881,887,947,1009,1064,1090,1121,1137,1113,1147,1076,1139,1099,1090,1090,1077,1124,1148,1165,1065,1111,1101,-1,1
Algeria,Total energy production,100,103,104,105,101,107,113,122,127,137,142,137,143,155,158,167,165,164,162,153,154,150,147,141,147,146,157,156,156,148,136,155,159,3,1
Egypt,Total energy production,56,57,58,61,61,61,60,59,59,61,55,59,61,64,64,80,83,87,91,90,86,85,84,79,76,71,72,81,89,94,87,94,92,-2,2
Nigeria,Total energy production,146,152,158,160,162,165,177,189,185,183,198,208,192,216,230,234,233,236,232,225,254,259,266,251,256,255,241,247,252,259,238,229,219,-5,1
South Africa,Total energy production,115,117,115,123,128,135,135,143,145,145,144,142,140,149,153,153,151,152,156,155,157,156,158,157,159,156,157,157,156,158,151,141,139,-2,0
Middle-East,Total energy production,940,940,1038,1102,1120,1138,1146,1205,1269,1249,1329,1319,1265,1364,1456,1523,1556,1559,1629,1553,1637,1785,1814,1823,1843,1909,2062,2034,2060,1992,1883,1926,2117,10,2
Iran,Total energy production,188,200,215,228,231,238,235,238,241,244,254,248,254,281,293,311,323,337,338,334,342,346,297,298,316,323,391,415,409,351,330,357,370,4,2
Kuwait,Total energy production,50,10,60,107,114,115,115,115,117,108,114,112,101,121,131,147,151,146,153,130,135,154,173,170,167,168,174,162,165,162,152,151,163,8,2
Saudi Arabia,Total energy production,368,464,477,472,462,464,469,465,479,443,477,465,435,506,543,571,565,546,573,519,531,593,625,614,622,649,671,647,665,640,609,611,700,15,2
United Arab Emirates,Total energy production,110,127,134,131,134,137,140,147,151,144,157,159,152,166,174,180,190,188,190,176,186,203,213,222,217,237,245,230,228,238,225,226,254,12,2
World,Coal and lignite production,4698,4526,4478,4361,4440,4596,4659,4657,4592,4531,4664,4889,4944,5294,5688,6055,6405,6667,6865,6995,7386,7860,7963,8011,7965,7726,7316,7577,7866,7984,7624,8031,8687,8,3
OECD,Coal and lignite production,2308,2190,2126,2017,2060,2067,2091,2115,2103,2063,2039,2117,2085,2056,2102,2145,2174,2178,2177,2075,2103,2111,2053,2026,2053,1935,1744,1791,1755,1649,1392,1424,1460,3,-2
G7,Coal and lignite production,1552,1444,1389,1300,1342,1333,1347,1356,1352,1320,1284,1336,1304,1275,1324,1337,1358,1350,1358,1255,1267,1283,1214,1179,1186,1071,901,944,916,829,641,699,716,2,-3
BRICS,Coal and lignite production,1821,1807,1831,1856,1933,2090,2142,2113,2060,2055,2164,2280,2368,2707,3008,3290,3519,3757,3934,4141,4446,4746,4876,4951,4905,4848,4597,4764,5029,5202,5199,5510,6038,10,5
Europe,Coal and lignite production,1209,1087,1026,962,909,908,899,879,819,777,777,788,781,780,765,757,758,760,748,723,705,738,730,689,663,653,624,635,628,552,461,497,521,5,-2
European Union,Coal and lignite production,994,881,829,788,762,750,743,715,650,625,625,634,635,637,627,618,611,602,580,556,545,571,574,546,528,519,479,489,474,395,316,346,356,3,-3
Belgium,Coal and lignite production,2,2,1,1,1,1,1,0,0,0,0,0,0,0,0,0,0,0,0,0,0,0,0,0,0,0,0,0,0,0,0,0,0,-100,-100
Czechia,Coal and lignite production,101,96,87,85,77,74,76,74,68,59,65,66,63,64,62,62,63,63,60,56,55,58,55,49,47,46,45,45,44,41,32,31,35,12,-3
France,Coal and lignite production,14,13,12,11,10,10,9,7,6,6,4,3,2,2,1,1,0,0,0,0,0,0,0,0,0,0,0,0,0,0,0,0,0,-,-100
Germany,Coal and lignite production,434,353,314,287,265,252,241,229,212,205,205,206,211,208,211,206,200,205,194,185,184,189,197,191,187,185,176,175,169,131,107,126,131,4,-2
Italy,Coal and lignite production,1,1,1,1,0,0,0,0,0,0,0,0,0,0,0,0,0,0,0,0,0,0,0,0,0,0,0,0,0,0,0,0,0,-,-100
Netherlands,Coal and lignite production,n.a.,n.a.,n.a.,n.a.,n.a.,n.a.,n.a.,n.a.,n.a.,n.a.,n.a.,n.a.,n.a.,n.a.,n.a.,n.a.,n.a.,n.a.,n.a.,n.a.,n.a.,n.a.,n.a.,n.a.,n.a.,n.a.,n.a.,n.a.,n.a.,n.a.,n.a.,n.a.,n.a.,-,-
Poland,Coal and lignite production,215,209,198,198,200,200,201,200,178,170,162,163,161,163,162,159,155,145,143,135,133,139,144,142,136,135,131,127,122,112,100,107,107,0,-2
Portugal,Coal and lignite production,0,0,0,0,0,0,0,0,0,0,0,0,0,0,0,0,0,0,0,0,0,0,0,0,0,0,0,0,0,0,0,0,0,-,-
Romania,Coal and lignite production,38,32,38,40,41,41,42,34,26,23,29,33,30,33,32,31,35,36,36,34,31,36,34,25,24,25,23,26,24,22,15,18,18,2,-2
Spain,Coal and lignite production,36,33,33,32,30,28,27,26,26,24,23,23,22,21,20,19,18,17,10,9,8,7,6,4,4,3,2,3,2,0,0,0,0,-,-100
Sweden,Coal and lignite production,1,1,1,1,1,1,1,1,1,1,1,1,1,1,1,1,1,1,1,1,1,1,0,1,0,0,0,0,1,0,0,0,0,8,-4
United Kingdom,Coal and lignite production,93,95,84,68,50,53,50,48,41,37,31,32,30,28,25,20,19,17,18,18,18,19,17,13,12,9,4,3,3,3,2,1,1,-38,-16
Norway,Coal and lignite production,0,0,0,0,0,0,0,0,0,0,1,2,2,3,3,1,2,4,3,3,2,1,1,2,2,1,1,0,0,0,0,0,0,-3,-7
Turkiye,Coal and lignite production,47,46,51,49,54,55,56,60,67,67,63,62,54,49,46,58,64,75,79,79,73,75,70,60,65,58,73,74,84,87,75,86,96,11,2
CIS,Coal and lignite production,683,619,589,519,460,419,386,371,357,368,388,397,381,408,413,439,453,454,483,440,473,485,526,521,503,488,501,525,566,582,542,582,583,0,2
Kazakhstan,Coal and lignite production,131,130,127,112,105,84,78,73,71,60,77,79,74,85,87,87,97,98,111,101,111,116,121,120,114,92,93,101,108,105,103,107,109,2,2
Russia,Coal and lignite production,377,338,324,289,257,250,244,232,220,238,242,251,240,258,260,285,286,290,306,277,300,297,331,328,334,353,368,389,420,441,404,438,440,0,3
Ukraine,Coal and lignite production,159,135,126,109,89,78,58,59,60,63,63,62,62,60,60,61,65,59,60,55,55,63,66,65,46,35,32,25,27,26,24,25,23,-8,-5
Uzbekistan,Coal and lignite production,6,7,6,5,5,3,3,3,3,3,3,3,3,2,3,3,3,3,4,4,4,4,4,4,4,3,4,4,4,4,4,5,5,6,4
America,Coal and lignite production,1040,1011,1008,964,1053,1058,1091,1123,1148,1125,1106,1161,1123,1109,1165,1195,1232,1226,1244,1146,1163,1187,1112,1087,1103,985,834,875,846,795,595,639,651,2,-2
North America,Coal and lignite production,1002,975,971,927,1010,1012,1041,1067,1089,1069,1041,1092,1059,1034,1085,1109,1138,1127,1144,1050,1064,1073,999,974,986,876,720,765,743,694,531,571,584,2,-3
Canada,Coal and lignite production,68,71,66,69,73,75,76,79,75,72,69,70,67,62,66,70,70,74,68,63,68,68,67,70,67,62,59,62,57,53,45,47,44,-6,-2
United States,Coal and lignite production,934,904,905,858,938,937,965,989,1014,996,972,1021,993,972,1019,1039,1068,1053,1076,988,996,1006,932,904,918,814,661,703,686,641,486,524,540,3,-3
Latin America,Coal and lignite production,38,36,37,38,42,46,50,55,59,57,65,70,64,75,80,87,94,99,100,96,99,114,114,114,118,108,114,110,103,101,64,68,67,-1,0
Argentina,Coal and lignite production,0,0,0,0,0,0,0,0,0,0,0,0,0,0,0,0,0,0,0,0,0,0,0,0,0,0,0,0,0,0,0,0,0,0,-11
Brazil,Coal and lignite production,5,5,5,5,5,5,5,6,6,6,7,6,5,5,5,6,6,6,7,6,5,6,7,9,8,8,7,5,5,5,5,7,7,9,0
Chile,Coal and lignite production,2,2,2,1,1,1,1,1,1,0,0,1,0,1,0,1,1,0,1,1,1,1,1,3,4,3,3,2,2,1,0,0,0,0,-9
Colombia,Coal and lignite production,21,20,22,21,23,26,30,33,34,33,38,44,40,50,54,59,66,70,74,73,74,86,89,85,89,86,91,91,84,84,50,55,54,-2,2
Mexico,Coal and lignite production,7,6,6,7,9,9,10,10,11,10,11,11,11,12,13,13,15,16,14,13,15,20,16,15,15,11,13,12,11,9,7,5,5,0,-3
Asia,Coal and lignite production,1376,1399,1441,1488,1586,1751,1818,1790,1747,1735,1851,1978,2086,2405,2741,3036,3329,3577,3734,4018,4344,4770,4886,4981,4925,4813,4585,4762,5056,5270,5268,5609,6227,11,6
China,Coal and lignite production,1040,1041,1073,1112,1203,1339,1379,1336,1296,1264,1355,1450,1539,1819,2089,2317,2520,2722,2844,3043,3316,3608,3678,3749,3645,3549,3263,3391,3575,3724,3789,4012,4430,10,6
India,Coal and lignite production,225,245,255,262,272,290,308,319,316,324,336,350,364,386,410,437,462,491,525,566,570,582,603,610,657,683,703,722,773,773,754,825,937,14,5
Indonesia,Coal and lignite production,10,13,22,28,31,42,50,55,61,74,79,94,102,117,144,171,233,249,249,291,325,436,470,491,488,452,463,495,549,601,566,616,690,12,10
Japan,Coal and lignite production,8,8,8,7,7,6,6,4,4,4,3,3,1,1,1,1,1,1,1,1,1,1,1,1,1,1,1,1,1,1,1,1,1,-1,-7
Malaysia,Coal and lignite production,0,0,0,0,0,0,0,0,0,0,0,1,0,0,0,1,1,1,1,2,2,3,3,3,3,3,2,3,3,3,3,3,3,10,11
South Korea,Coal and lignite production,17,15,12,9,7,6,5,5,4,4,8,8,3,3,3,3,3,3,3,3,2,2,2,2,2,2,2,1,1,1,1,1,1,-9,-10
Taiwan,Coal and lignite production,0,0,0,0,0,0,0,0,0,0,0,0,0,0,0,0,0,0,0,0,0,0,0,0,0,0,0,0,0,0,0,0,0,-,-100
Thailand,Coal and lignite production,12,15,15,16,17,18,21,23,20,18,18,20,20,19,20,21,19,18,18,18,18,21,18,18,18,15,17,16,15,14,13,14,14,-4,-1
Pacific,Coal and lignite production,207,222,231,229,228,245,251,268,290,295,310,333,344,347,355,376,380,396,397,412,441,420,440,463,493,516,503,502,488,507,496,458,462,1,2
Australia,Coal and lignite production,205,220,228,226,225,242,247,264,287,291,307,329,340,342,350,371,375,391,392,408,436,415,435,458,489,512,500,499,485,504,493,455,459,1,2
New Zealand,Coal and lignite production,3,3,3,3,3,4,4,4,3,4,3,4,4,5,5,5,6,5,5,5,5,5,5,5,4,3,3,3,3,3,3,3,3,-8,-1
Africa,Coal and lignite production,182,186,183,196,203,213,213,226,229,230,231,230,226,244,248,251,250,253,256,254,259,259,269,268,276,270,267,276,280,275,260,245,241,-2,0
Algeria,Coal and lignite production,0,0,0,0,0,0,0,0,0,0,0,0,0,0,0,0,0,0,0,0,0,0,0,0,0,0,0,0,0,0,0,0,0,-,-
Egypt,Coal and lignite production,0,0,0,0,0,0,0,0,0,0,0,0,0,0,0,0,0,0,0,0,0,0,0,0,0,0,0,0,0,0,0,0,0,-,-100
Nigeria,Coal and lignite production,0,0,0,0,0,0,0,0,0,0,0,0,0,0,0,0,0,0,0,0,0,0,0,0,0,0,0,0,0,0,0,0,0,0,15
South Africa,Coal and lignite production,175,178,174,188,196,206,206,220,223,224,224,224,220,239,243,245,245,248,252,249,255,253,259,256,261,256,256,257,256,258,247,229,225,-2,0
Middle-East,Coal and lignite production,1,1,1,2,1,2,1,1,2,2,2,2,1,2,2,2,2,2,2,2,2,2,1,2,1,2,2,2,2,2,2,2,2,10,1
Iran,Coal and lignite production,1,1,1,1,1,1,1,1,1,1,1,1,1,1,1,2,2,2,2,1,1,1,1,1,1,1,1,2,2,2,2,1,2,13,2
Kuwait,Coal and lignite production,n.a.,n.a.,n.a.,n.a.,n.a.,n.a.,n.a.,n.a.,n.a.,n.a.,n.a.,n.a.,n.a.,n.a.,n.a.,n.a.,n.a.,n.a.,n.a.,n.a.,n.a.,n.a.,n.a.,n.a.,n.a.,n.a.,n.a.,n.a.,n.a.,n.a.,n.a.,n.a.,n.a.,-,-
Saudi Arabia,Coal and lignite production,n.a.,n.a.,n.a.,n.a.,n.a.,n.a.,n.a.,n.a.,n.a.,n.a.,n.a.,n.a.,n.a.,n.a.,n.a.,n.a.,n.a.,n.a.,n.a.,n.a.,n.a.,n.a.,n.a.,n.a.,n.a.,n.a.,n.a.,n.a.,n.a.,n.a.,n.a.,n.a.,n.a.,-,-
United Arab Emirates,Coal and lignite production,n.a.,n.a.,n.a.,n.a.,n.a.,n.a.,n.a.,n.a.,n.a.,n.a.,n.a.,n.a.,n.a.,n.a.,n.a.,n.a.,n.a.,n.a.,n.a.,n.a.,n.a.,n.a.,n.a.,n.a.,n.a.,n.a.,n.a.,n.a.,n.a.,n.a.,n.a.,n.a.,n.a.,-,-
World,Refined oil products production,3152,3169,3171,3201,3223,3261,3372,3470,3495,3513,3595,3627,3637,3719,3860,3899,3933,3951,3977,3872,3949,3946,4004,4022,4073,4165,4193,4268,4340,4338,3969,4165,4303,3,1
OECD,Refined oil products production,1830,1858,1909,1953,1984,1991,2046,2107,2132,2100,2123,2111,2094,2129,2167,2160,2152,2140,2117,1995,2019,1978,1976,1966,1970,2023,2022,2051,2050,2051,1808,1882,1975,5,0
G7,Refined oil products production,1381,1387,1411,1446,1461,1457,1488,1522,1539,1517,1537,1528,1519,1544,1574,1569,1552,1548,1526,1428,1447,1403,1384,1376,1378,1408,1416,1434,1435,1436,1244,1302,1378,6,-1
BRICS,Refined oil products production,535,550,529,511,481,489,500,523,521,560,610,627,648,678,734,762,806,840,870,915,957,987,1038,1080,1125,1150,1167,1205,1265,1310,1283,1342,1339,0,4
Europe,Refined oil products production,702,698,701,716,724,722,744,757,778,739,746,747,742,755,771,769,770,760,756,702,696,686,682,656,651,686,681,700,686,682,601,618,651,5,-1
European Union,Refined oil products production,565,559,563,572,583,581,596,608,632,602,611,614,607,618,628,630,631,625,624,581,577,563,563,539,543,570,570,582,574,563,496,512,540,5,-1
Belgium,Refined oil products production,29,32,32,31,32,29,35,37,38,36,38,40,46,46,43,37,37,39,38,35,35,33,35,32,35,35,34,35,34,35,27,31,29,-7,-1
Czechia,Refined oil products production,8,7,7,7,7,7,8,7,7,6,6,6,6,7,7,8,8,8,9,8,8,7,8,7,8,8,6,8,8,8,6,7,8,4,1
France,Refined oil products production,78,81,80,82,80,82,86,91,94,85,89,91,84,87,88,86,87,86,88,78,71,72,61,58,58,60,59,59,56,51,37,36,42,17,-3
Germany,Refined oil products production,106,104,112,116,119,114,115,111,117,115,116,114,114,116,120,123,121,118,116,108,101,100,101,98,97,99,100,102,97,97,93,93,98,6,-1
Italy,Refined oil products production,91,91,91,92,92,90,89,96,100,94,95,96,96,98,98,101,99,101,95,86,90,86,82,70,66,74,71,75,72,73,60,69,75,9,-1
Netherlands,Refined oil products production,49,53,55,55,55,59,61,60,62,58,59,58,54,56,58,59,58,56,56,55,58,57,57,55,57,59,60,60,61,62,55,59,58,-1,0
Poland,Refined oil products production,13,12,13,14,14,14,15,16,17,18,18,18,18,18,19,18,21,22,22,22,24,25,26,25,25,27,27,27,28,28,27,27,28,7,2
Portugal,Refined oil products production,11,10,12,11,14,13,12,13,14,13,12,13,12,13,13,14,14,13,13,11,12,11,12,14,13,15,15,15,14,13,12,11,12,7,0
Romania,Refined oil products production,23,15,13,13,15,15,13,12,13,10,11,12,13,12,13,15,14,14,14,12,11,11,10,10,12,12,12,12,13,13,12,11,12,10,1
Spain,Refined oil products production,53,55,57,54,56,56,54,57,62,61,60,58,58,58,60,61,61,60,60,57,57,57,61,60,60,65,65,66,68,66,56,59,63,8,0
Sweden,Refined oil products production,18,18,21,21,20,21,22,23,22,23,23,21,20,19,20,20,20,18,21,20,21,20,21,18,20,21,21,21,22,18,20,21,21,-1,0
United Kingdom,Refined oil products production,89,92,93,97,94,94,98,98,94,88,88,84,85,85,91,87,84,82,82,76,74,76,73,66,62,62,61,61,59,60,49,48,54,12,-2
Norway,Refined oil products production,14,13,15,15,15,14,15,16,16,16,16,15,14,16,15,16,18,18,16,16,16,16,16,17,16,17,13,17,17,15,14,13,10,-25,-2
Turkiye,Refined oil products production,23,22,23,26,25,27,26,27,27,26,24,25,26,26,26,26,26,26,24,19,20,22,23,24,22,29,30,32,28,37,35,38,41,8,3
CIS,Refined oil products production,417,417,347,293,248,238,229,227,218,218,227,239,253,258,264,277,285,292,296,292,308,313,315,325,344,338,325,336,334,336,315,329,322,-2,2
Kazakhstan,Refined oil products production,18,18,18,15,12,11,11,9,9,7,6,8,9,9,10,12,12,12,12,13,14,15,15,15,16,15,14,15,16,17,16,18,19,4,5
Russia,Refined oil products production,268,279,247,220,184,178,173,172,162,168,177,182,189,190,194,206,217,224,230,228,246,250,255,267,283,278,270,280,277,280,263,272,265,-3,2
Ukraine,Refined oil products production,62,54,37,23,20,17,14,13,14,12,9,17,21,22,22,19,15,15,12,12,12,10,5,4,3,3,3,3,2,1,1,1,1,-35,-11
Uzbekistan,Refined oil products production,8,8,6,6,6,7,7,7,7,7,7,7,7,6,6,5,5,5,5,5,4,4,4,3,3,3,4,4,4,4,3,4,4,6,-3
America,Refined oil products production,1107,1103,1108,1130,1144,1145,1182,1210,1235,1240,1264,1269,1254,1269,1312,1294,1298,1293,1293,1232,1246,1225,1224,1245,1263,1262,1255,1252,1254,1242,1096,1160,1224,6,0
North America,Refined oil products production,840,831,839,856,863,866,891,911,923,926,943,942,937,956,977,968,966,962,957,900,932,901,899,913,934,951,962,980,1002,1008,884,927,972,5,0
Canada,Refined oil products production,85,83,82,84,85,85,89,91,91,93,95,97,100,105,107,103,101,103,99,96,98,94,97,95,91,90,92,96,93,114,103,106,108,2,1
United States,Refined oil products production,755,748,757,772,778,781,802,819,832,834,849,844,837,851,870,865,865,859,857,805,834,807,803,818,843,860,870,883,908,894,781,821,864,5,0
Latin America,Refined oil products production,267,271,269,274,280,279,291,300,312,313,320,328,317,313,335,326,332,331,336,331,314,324,325,332,329,312,293,272,252,234,212,233,252,8,-1
Argentina,Refined oil products production,24,24,25,25,23,23,25,27,28,27,27,27,25,27,27,27,29,30,30,28,28,27,28,28,27,28,27,27,25,25,23,25,27,5,0
Brazil,Refined oil products production,60,58,60,61,64,63,67,73,78,81,82,85,84,84,90,90,91,93,94,94,94,97,103,110,112,105,98,94,92,92,96,98,105,7,1
Chile,Refined oil products production,6,6,7,7,8,8,9,9,10,10,10,10,10,11,11,11,11,11,11,10,9,9,9,9,9,10,9,10,10,10,8,9,8,-8,-1
Colombia,Refined oil products production,11,12,12,12,12,13,14,14,14,15,15,16,15,15,16,15,14,14,14,13,13,15,15,13,12,12,17,18,19,20,16,20,20,2,1
Mexico,Refined oil products production,72,74,74,77,80,76,75,75,76,73,72,73,74,77,78,76,76,74,73,74,69,67,68,70,67,61,55,48,37,35,35,43,49,14,-2
Asia,Refined oil products production,566,602,640,669,691,732,772,816,806,841,885,886,891,937,1003,1032,1062,1094,1099,1123,1149,1177,1229,1242,1258,1314,1358,1400,1472,1496,1431,1492,1516,2,3
China,Refined oil products production,146,153,159,166,166,178,186,197,199,213,233,236,243,264,307,318,337,352,368,388,401,416,440,460,487,515,537,559,619,660,682,711,698,-2,5
India,Refined oil products production,52,52,54,55,57,60,64,67,70,87,105,110,114,124,129,131,148,159,165,191,202,211,226,230,229,237,248,257,262,265,233,254,266,5,4
Indonesia,Refined oil products production,39,40,42,42,43,46,49,48,48,49,50,51,49,50,50,48,47,46,48,49,47,48,46,44,48,47,47,49,51,51,46,41,43,6,-1
Japan,Refined oil products production,178,187,197,203,212,210,209,215,210,208,207,201,202,202,199,205,196,198,189,179,178,169,169,171,161,162,162,157,150,147,121,129,137,6,-2
Malaysia,Refined oil products production,10,10,10,11,14,18,19,17,18,19,22,23,22,23,23,23,24,27,28,26,23,26,27,25,24,25,26,28,26,24,23,27,28,3,1
South Korea,Refined oil products production,42,57,71,76,80,89,100,121,114,120,122,119,111,111,116,120,123,123,120,117,120,128,132,127,129,140,146,153,159,158,147,148,158,7,1
Taiwan,Refined oil products production,23,25,25,27,26,32,33,34,35,38,39,40,41,47,52,53,52,52,48,50,47,43,47,45,45,45,45,44,47,46,39,42,43,3,1
Thailand,Refined oil products production,12,13,15,18,22,24,33,38,35,38,38,39,42,45,50,49,50,50,50,52,54,54,57,60,57,63,62,63,65,59,57,56,57,2,2
Pacific,Refined oil products production,38,38,38,39,40,41,42,42,43,42,44,42,43,42,42,41,39,39,39,39,39,41,40,40,37,34,31,30,30,33,30,27,18,-31,-4
Australia,Refined oil products production,33,33,33,34,35,36,37,37,38,37,38,37,37,37,37,35,32,33,33,33,33,34,33,33,31,27,24,23,23,26,24,21,17,-20,-4
New Zealand,Refined oil products production,5,5,5,5,5,5,5,5,5,5,5,5,6,5,5,5,5,5,5,5,5,6,6,6,5,6,6,6,6,6,5,5,1,-77,-7
Africa,Refined oil products production,103,104,104,105,103,106,111,119,109,116,112,126,128,121,120,130,120,121,124,118,125,111,112,114,114,108,105,106,106,104,94,99,97,-2,-1
Algeria,Refined oil products production,25,25,25,25,24,25,24,26,26,28,29,30,30,30,27,27,27,28,31,31,34,33,30,31,39,38,38,37,39,37,36,38,40,4,1
Egypt,Refined oil products production,24,24,24,26,27,27,28,29,29,28,26,30,30,31,32,32,32,33,32,30,30,27,28,27,27,27,25,26,27,31,31,34,33,-5,1
Nigeria,Refined oil products production,13,14,13,12,8,9,11,10,7,9,5,11,11,6,6,10,6,3,5,3,5,6,5,5,3,2,3,4,2,1,0,0,0,102,-12
South Africa,Refined oil products production,8,8,8,9,9,10,10,15,11,12,13,15,18,16,14,17,13,12,14,13,14,13,14,14,14,15,14,14,14,14,9,7,5,-24,-4
Middle-East,Refined oil products production,219,206,233,248,274,277,291,298,305,317,317,318,327,337,346,356,359,351,370,367,385,392,403,400,406,423,439,445,458,445,400,441,475,8,2
Iran,Refined oil products production,41,47,47,54,60,61,65,69,73,80,79,80,79,80,81,84,87,87,88,89,89,91,93,95,93,88,86,89,90,91,85,90,93,4,1
Kuwait,Refined oil products production,13,3,17,24,39,43,41,46,44,47,39,34,38,44,44,45,47,48,47,45,46,46,48,46,46,47,44,39,39,37,32,36,39,10,0
Saudi Arabia,Refined oil products production,90,85,89,90,92,90,100,97,98,97,101,100,100,109,116,120,120,116,120,117,119,118,123,118,134,147,159,160,158,153,136,155,170,9,2
United Arab Emirates,Refined oil products production,10,11,12,12,12,12,14,13,14,19,23,30,29,28,28,28,27,26,25,26,31,34,36,37,33,48,58,57,59,56,51,58,61,5,5
World,Natural gas production,2057,2099,2099,2147,2165,2197,2288,2291,2339,2412,2496,2540,2603,2698,2784,2863,2951,3027,3146,3052,3275,3370,3434,3495,3539,3571,3631,3778,3978,4124,4004,4177,4175,0,2
OECD,Natural gas production,881,903,921,958,995,1010,1063,1067,1073,1083,1110,1130,1121,1124,1121,1104,1121,1132,1166,1153,1181,1204,1231,1240,1278,1304,1323,1367,1473,1562,1543,1572,1658,6,2
G7,Natural gas production,707,717,732,763,801,810,837,843,850,861,884,896,874,874,849,828,833,840,850,838,846,880,902,904,956,990,998,1023,1123,1203,1184,1219,1280,5,2
BRICS,Natural gas production,663,668,668,647,638,631,640,616,638,643,637,639,659,686,705,722,743,749,779,728,821,844,830,854,834,830,838,904,957,1000,968,1059,976,-8,2
Europe,Natural gas production,242,257,255,269,269,278,314,307,305,311,320,323,331,332,341,330,322,309,325,307,317,292,294,287,269,261,260,261,247,229,212,203,215,6,-2
European Union,Natural gas production,164,171,169,173,168,170,182,168,161,154,150,153,151,145,158,148,148,141,148,139,148,139,134,135,117,98,96,89,79,70,56,51,47,-8,-5
Belgium,Natural gas production,0,0,0,0,0,0,0,0,0,0,0,0,0,0,0,0,0,0,0,0,0,0,0,0,0,0,0,0,0,0,0,0,0,142,7
Czechia,Natural gas production,0,0,0,0,0,0,0,0,0,0,0,0,0,0,0,0,0,0,0,0,0,0,0,0,0,0,0,0,0,0,0,0,0,10,0
France,Natural gas production,3,3,3,3,4,3,3,3,2,2,2,2,2,2,1,1,1,1,1,1,1,1,1,0,0,0,0,0,0,0,0,0,0,-11,-19
Germany,Natural gas production,19,19,19,19,20,21,23,22,22,23,22,22,22,22,20,20,20,20,18,18,15,15,13,12,9,9,9,8,7,6,6,5,5,-5,-6
Italy,Natural gas production,17,17,18,20,21,20,20,19,19,17,17,15,15,14,13,12,11,10,9,8,8,8,9,8,7,7,6,6,5,5,4,3,3,0,-7
Netherlands,Natural gas production,76,86,86,88,84,85,96,85,81,76,74,78,76,73,86,78,77,74,85,79,90,83,82,87,72,55,53,46,39,33,24,22,18,-15,-6
Poland,Natural gas production,4,4,4,5,5,5,5,5,5,5,5,5,6,6,6,6,6,6,6,6,6,6,6,6,6,6,6,6,6,6,6,6,5,-1,0
Portugal,Natural gas production,n.a.,n.a.,n.a.,n.a.,n.a.,n.a.,n.a.,n.a.,n.a.,n.a.,n.a.,n.a.,n.a.,n.a.,n.a.,n.a.,n.a.,n.a.,n.a.,n.a.,n.a.,n.a.,n.a.,n.a.,n.a.,n.a.,n.a.,n.a.,n.a.,n.a.,n.a.,n.a.,n.a.,-,-
Romania,Natural gas production,28,25,22,21,19,18,17,15,14,14,14,14,13,13,13,12,12,12,11,11,11,11,11,11,11,11,10,11,10,10,9,9,9,3,-2
Spain,Natural gas production,1,1,1,1,0,0,0,0,0,0,0,1,1,0,0,0,0,0,0,0,0,0,0,0,0,0,0,0,0,0,0,0,0,-13,-7
Sweden,Natural gas production,n.a.,n.a.,n.a.,n.a.,n.a.,n.a.,n.a.,n.a.,n.a.,n.a.,n.a.,n.a.,n.a.,n.a.,n.a.,n.a.,n.a.,n.a.,n.a.,n.a.,n.a.,n.a.,n.a.,n.a.,n.a.,n.a.,n.a.,n.a.,n.a.,n.a.,n.a.,n.a.,n.a.,-,-
United Kingdom,Natural gas production,50,57,56,66,70,76,90,92,96,105,115,111,109,109,102,93,84,76,73,61,58,46,40,37,39,40,42,42,41,39,39,32,38,16,-5
Norway,Natural gas production,28,27,29,29,31,31,41,47,48,51,53,58,69,77,81,87,89,92,102,106,110,106,119,113,113,121,121,129,126,119,116,119,128,8,4
Turkiye,Natural gas production,0,0,0,0,0,0,0,0,1,1,1,0,0,1,1,1,1,1,1,1,1,1,1,1,0,0,0,0,0,0,0,0,0,-4,-2
CIS,Natural gas production,800,798,764,751,709,695,702,657,675,688,704,703,722,753,775,791,807,817,845,746,827,861,851,878,848,839,844,900,963,991,931,1011,900,-11,1
Kazakhstan,Natural gas production,7,8,8,7,4,6,7,8,8,10,9,8,11,13,17,19,20,22,25,27,28,29,31,33,34,29,31,36,39,33,30,26,25,-3,5
Russia,Natural gas production,629,632,629,607,596,585,591,561,581,581,573,570,584,608,620,628,640,635,651,583,657,673,658,675,647,638,644,695,738,766,722,793,699,-12,1
Ukraine,Natural gas production,28,23,21,19,18,18,18,18,18,18,18,18,19,19,20,20,21,21,21,21,20,20,20,21,20,20,20,20,20,20,20,18,17,-8,0
Uzbekistan,Natural gas production,41,42,43,45,47,44,44,46,49,50,51,52,54,52,54,54,57,59,61,60,59,57,55,52,49,49,50,51,62,61,50,54,52,-4,0
America,Natural gas production,697,700,716,740,775,781,803,816,829,835,862,880,872,888,885,879,906,926,945,944,971,1019,1056,1066,1121,1151,1151,1172,1276,1356,1318,1354,1417,5,2
North America,Natural gas production,616,618,633,653,685,687,699,705,709,711,726,742,724,725,710,699,713,729,745,746,760,806,837,843,898,931,939,964,1067,1150,1132,1175,1231,5,2
Canada,Natural gas production,109,115,126,139,150,159,165,168,173,176,182,186,187,184,184,188,188,183,174,162,156,158,156,157,164,165,184,191,195,188,184,191,205,7,1
United States,Natural gas production,507,503,507,514,535,528,534,537,536,535,544,556,536,541,527,511,524,546,571,584,604,649,681,686,733,767,755,773,872,962,949,985,1027,4,3
Latin America,Natural gas production,81,82,83,87,91,94,104,111,121,125,136,138,149,163,175,179,193,197,200,197,211,213,219,222,223,219,212,208,209,206,186,179,186,4,1
Argentina,Natural gas production,19,19,20,22,23,24,26,28,32,37,41,41,40,45,48,48,48,45,45,43,41,40,41,39,38,40,41,42,43,45,41,41,44,7,0
Brazil,Natural gas production,4,4,4,5,5,5,6,6,7,7,8,8,10,11,11,12,12,11,15,12,16,18,20,22,24,25,25,28,25,27,25,25,23,-7,5
Chile,Natural gas production,2,1,2,2,2,2,2,2,2,2,2,2,2,2,2,2,2,2,2,2,2,1,1,1,1,1,1,1,1,2,1,1,1,9,-2
Colombia,Natural gas production,5,4,5,5,5,5,5,7,8,7,7,8,8,7,8,8,8,8,9,12,13,12,13,15,15,14,13,13,14,14,13,12,12,-2,2
Mexico,Natural gas production,26,25,25,26,27,27,30,33,35,36,37,36,37,39,41,43,48,50,50,51,51,49,47,46,45,42,37,32,33,32,32,29,31,9,-1
Asia,Natural gas production,134,148,156,164,175,186,203,220,224,241,251,252,272,292,312,334,345,360,379,395,425,425,425,441,452,448,450,460,473,482,473,492,506,3,3
China,Natural gas production,15,16,16,17,18,18,20,23,23,25,27,30,33,35,41,49,59,69,80,85,96,105,111,121,130,135,137,148,160,176,192,207,219,6,10
India,Natural gas production,13,14,16,16,17,21,21,25,26,28,28,28,30,31,31,31,31,31,32,47,51,46,40,35,33,31,31,32,32,30,28,33,34,2,1
Indonesia,Natural gas production,48,55,57,59,66,65,69,72,70,75,70,68,74,78,75,75,74,72,74,77,86,81,77,76,75,75,74,72,72,67,59,58,57,-3,-1
Japan,Natural gas production,2,2,2,2,2,2,2,2,2,2,2,2,3,3,3,3,3,4,4,4,3,3,3,3,3,3,3,3,3,2,2,2,2,-7,-1
Malaysia,Natural gas production,18,22,23,25,25,29,36,41,42,43,50,49,51,53,60,66,65,64,68,62,60,62,61,69,70,69,68,75,70,73,67,72,76,6,2
South Korea,Natural gas production,0,0,0,0,0,0,0,0,0,0,0,0,0,0,0,0,0,0,0,1,1,0,0,0,0,0,0,0,0,0,0,0,0,-,-
Taiwan,Natural gas production,1,1,1,1,1,1,1,1,1,1,1,1,1,1,1,1,0,0,0,0,0,0,0,0,0,0,0,0,0,0,0,0,0,-13,-9
Thailand,Natural gas production,6,8,8,9,11,11,13,16,17,19,20,19,21,22,22,24,24,26,29,27,32,28,33,36,37,33,32,30,29,31,28,26,21,-17,0
Pacific,Natural gas production,25,27,28,30,32,34,36,36,37,38,39,40,41,39,39,40,47,50,52,54,58,61,59,68,76,85,101,124,137,163,175,169,180,7,7
Australia,Natural gas production,20,21,23,24,26,29,30,30,31,32,33,34,35,34,34,36,43,45,47,49,53,56,54,63,65,68,83,106,121,145,156,151,162,7,8
New Zealand,Natural gas production,5,5,6,5,5,5,5,6,5,6,6,6,6,5,4,4,4,4,4,4,5,4,5,5,5,5,5,5,4,5,4,4,4,-6,-2
Africa,Natural gas production,67,73,76,79,75,82,87,98,103,116,124,128,133,146,156,187,196,210,215,202,209,202,216,205,206,204,218,237,248,249,237,269,256,-5,3
Algeria,Natural gas production,46,50,52,52,48,55,58,67,72,81,82,77,80,84,83,89,87,87,87,83,85,82,85,81,83,84,95,96,97,90,85,105,102,-3,1
Egypt,Natural gas production,8,9,10,12,12,13,13,13,14,17,18,23,26,29,32,52,56,60,62,62,57,56,54,48,43,38,43,53,62,69,62,72,68,-5,6
Nigeria,Natural gas production,4,5,5,6,5,5,5,6,6,7,12,15,14,22,24,24,28,35,35,24,33,38,41,37,42,44,42,45,46,46,46,45,41,-8,6
South Africa,Natural gas production,2,2,2,2,2,2,2,2,1,2,2,2,2,1,2,2,2,2,2,1,2,1,1,1,1,1,1,1,1,1,1,1,1,-9,-3
Middle-East,Natural gas production,91,96,103,115,130,139,144,158,167,183,196,213,232,249,276,302,328,354,385,404,467,509,533,551,567,585,607,624,635,654,659,679,701,3,6
Iran,Natural gas production,23,28,28,31,38,42,42,47,49,57,59,62,70,80,90,99,109,123,128,137,144,150,156,157,175,184,200,218,228,233,233,240,244,2,7
Kuwait,Natural gas production,4,1,5,9,9,9,9,9,9,9,10,10,9,10,11,12,12,11,13,11,12,14,16,16,15,17,17,17,18,20,22,21,22,6,4
Saudi Arabia,Natural gas production,24,24,27,28,30,30,31,33,34,34,38,39,46,47,51,56,59,61,67,64,73,75,81,82,85,87,91,95,97,98,99,100,105,5,5
United Arab Emirates,Natural gas production,20,24,22,23,27,31,34,36,37,38,37,43,43,44,45,48,49,49,49,47,51,52,54,55,54,60,62,54,48,55,55,54,53,-2,2
World,Share of wind and solar in electricity production,1,1,1,1,1,1,1,1,1,1,1,1,1,1,1,1,1,1,2,2,2,3,3,4,4,5,6,7,7,8,10,11,12,2,12
OECD,Share of wind and solar in electricity production,1,1,1,1,1,1,1,1,1,1,1,1,1,1,1,2,2,2,3,3,3,4,5,6,7,8,8,10,10,12,14,14,16,2,15
G7,Share of wind and solar in electricity production,1,1,1,1,1,1,1,1,1,1,1,1,1,1,1,1,2,2,2,3,3,4,5,6,7,8,8,10,10,11,13,14,16,2,15
BRICS,Share of wind and solar in electricity production,0,0,0,0,0,0,0,0,0,0,0,0,0,0,0,0,0,0,1,1,1,1,2,2,3,3,4,5,7,7,8,10,12,2,12
Europe,Share of wind and solar in electricity production,0,0,0,0,0,0,0,0,1,1,1,1,1,2,2,2,3,3,4,4,5,7,8,9,10,12,12,14,14,17,19,19,22,3,21
European Union,Share of wind and solar in electricity production,0,0,0,0,0,0,0,1,1,1,1,1,2,2,2,3,3,4,4,5,6,8,9,10,11,13,13,15,15,17,20,19,23,3,22
Belgium,Share of wind and solar in electricity production,0,0,0,0,0,0,0,0,0,0,0,0,0,0,0,0,0,1,1,1,2,4,6,8,10,12,10,11,15,15,20,18,20,2,20
Czechia,Share of wind and solar in electricity production,0,0,0,0,0,0,0,0,0,0,0,0,0,0,0,0,0,0,0,1,1,3,3,3,3,4,3,3,4,4,4,4,4,0,4
France,Share of wind and solar in electricity production,0,0,0,0,0,0,0,0,0,0,0,0,0,0,0,0,1,1,1,2,2,3,4,4,4,5,6,6,7,8,10,10,13,3,12
Germany,Share of wind and solar in electricity production,0,0,0,0,0,0,0,1,1,1,2,2,3,4,5,5,6,7,8,8,8,12,13,13,15,19,19,23,24,28,32,28,33,4,31
Italy,Share of wind and solar in electricity production,2,1,2,2,2,2,2,2,2,2,2,2,2,3,3,3,3,3,4,5,6,9,13,15,16,16,16,17,16,17,18,18,19,1,17
Netherlands,Share of wind and solar in electricity production,0,0,1,1,1,1,1,1,1,1,1,1,1,2,2,2,3,4,4,4,4,5,5,6,7,9,10,12,13,14,20,25,32,8,31
Poland,Share of wind and solar in electricity production,0,0,0,0,0,0,0,0,0,0,0,0,0,0,0,0,0,0,1,1,1,2,3,4,5,7,8,9,8,10,11,11,15,4,15
Portugal,Share of wind and solar in electricity production,0,0,0,0,0,0,0,0,0,1,1,1,1,1,2,4,6,9,13,16,18,18,23,25,25,24,22,23,23,29,27,31,35,4,34
Romania,Share of wind and solar in electricity production,0,0,0,0,0,0,0,0,0,0,0,0,0,0,0,0,0,0,0,0,1,2,5,8,12,14,13,14,13,14,16,14,16,2,-
Spain,Share of wind and solar in electricity production,0,0,0,0,0,0,0,0,1,1,2,3,4,5,7,9,8,9,11,15,17,18,21,24,24,23,23,23,23,26,29,33,33,1,31
Sweden,Share of wind and solar in electricity production,0,0,0,0,0,0,0,0,0,0,0,0,0,1,1,1,1,1,1,2,2,4,4,6,7,10,10,11,10,12,17,17,21,4,20
United Kingdom,Share of wind and solar in electricity production,0,0,0,0,0,0,0,0,0,0,0,0,0,0,1,1,1,1,2,3,3,4,6,9,11,14,14,18,21,24,28,25,29,4,29
Norway,Share of wind and solar in electricity production,0,0,0,0,0,0,0,0,0,0,0,0,0,0,0,0,1,1,1,1,1,1,1,1,2,2,1,2,3,4,7,8,10,3,10
Turkiye,Share of wind and solar in electricity production,0,0,0,0,0,0,0,0,0,0,0,0,0,0,0,0,0,0,1,1,2,2,3,4,5,6,8,9,12,14,15,17,19,2,19
CIS,Share of wind and solar in electricity production,0,0,0,0,0,0,0,0,0,0,0,0,0,0,0,0,0,0,0,0,0,0,0,0,0,0,0,0,0,1,1,1,1,0,1
Kazakhstan,Share of wind and solar in electricity production,0,0,0,0,0,0,0,0,0,0,0,0,0,0,0,0,0,0,0,0,0,0,0,0,0,0,0,1,1,1,2,3,4,1,-
Russia,Share of wind and solar in electricity production,0,0,0,0,0,0,0,0,0,0,0,0,0,0,0,0,0,0,0,0,0,0,0,0,0,0,0,0,0,0,0,1,1,0,1
Ukraine,Share of wind and solar in electricity production,0,0,0,0,0,0,0,0,0,0,0,0,0,0,0,0,0,0,0,0,0,0,0,1,1,1,1,1,1,3,6,7,6,-1,6
Uzbekistan,Share of wind and solar in electricity production,n.a.,n.a.,n.a.,n.a.,n.a.,n.a.,n.a.,n.a.,n.a.,n.a.,n.a.,n.a.,n.a.,n.a.,n.a.,n.a.,n.a.,n.a.,n.a.,n.a.,n.a.,n.a.,n.a.,n.a.,n.a.,n.a.,n.a.,n.a.,n.a.,n.a.,n.a.,n.a.,n.a.,-,-
America,Share of wind and solar in electricity production,1,1,1,1,1,1,1,1,1,1,1,1,1,1,1,1,1,1,1,2,2,3,3,4,5,5,6,7,8,9,10,12,13,2,13
North America,Share of wind and solar in electricity production,1,1,1,1,1,1,1,0,0,1,1,1,1,1,1,1,1,1,2,2,3,3,4,5,5,6,7,8,8,9,11,12,14,2,13
Canada,Share of wind and solar in electricity production,0,0,0,0,0,0,0,0,0,0,0,0,0,0,0,0,0,1,1,1,2,2,2,3,4,5,5,5,6,6,6,6,7,0,7
United States,Share of wind and solar in electricity production,1,1,1,1,1,1,1,1,1,1,1,1,1,1,1,1,1,1,2,2,3,3,4,5,5,6,7,8,9,10,11,13,15,2,14
Latin America,Share of wind and solar in electricity production,1,1,1,1,1,1,1,1,1,1,1,1,1,1,1,1,1,1,1,1,1,1,1,2,2,3,4,5,7,9,9,11,13,2,12
Argentina,Share of wind and solar in electricity production,0,0,0,0,0,0,0,0,0,0,0,0,0,0,0,0,0,0,0,0,0,0,1,1,1,0,0,0,1,4,8,10,11,1,11
Brazil,Share of wind and solar in electricity production,0,0,0,0,0,0,0,0,0,0,0,0,0,0,0,0,0,0,0,0,0,1,1,1,2,4,6,7,9,10,11,14,16,3,16
Chile,Share of wind and solar in electricity production,0,0,0,0,0,0,0,0,0,0,0,0,0,0,0,0,0,0,0,0,1,1,1,1,3,5,6,9,11,14,16,21,27,5,-
Colombia,Share of wind and solar in electricity production,0,0,0,0,0,0,0,0,0,0,0,0,0,0,0,0,0,0,0,0,0,0,0,0,0,0,0,0,0,0,0,1,1,0,1
Mexico,Share of wind and solar in electricity production,4,4,4,4,4,4,4,3,3,3,3,3,3,3,3,3,3,3,3,3,3,3,3,4,4,5,5,5,9,12,11,12,11,-1,8
Asia,Share of wind and solar in electricity production,1,1,1,1,1,1,1,1,1,1,1,1,1,1,1,1,1,1,1,1,2,2,2,3,3,4,5,6,7,7,8,10,12,2,11
China,Share of wind and solar in electricity production,0,0,0,0,0,0,0,0,0,0,0,0,0,0,0,0,0,0,0,1,1,2,2,3,3,4,5,6,8,8,9,12,14,2,14
India,Share of wind and solar in electricity production,0,0,0,0,0,0,0,0,0,0,0,0,0,1,1,1,1,2,2,2,2,3,3,3,3,3,5,5,7,7,8,9,10,1,10
Indonesia,Share of wind and solar in electricity production,3,3,3,2,4,4,4,4,3,3,5,6,6,6,6,5,5,5,6,6,6,5,5,4,4,4,4,5,5,5,6,5,5,0,0
Japan,Share of wind and solar in electricity production,3,3,2,2,2,3,3,3,2,2,2,2,2,3,2,2,3,3,3,3,3,3,3,4,5,6,7,8,9,10,11,11,12,1,10
Malaysia,Share of wind and solar in electricity production,0,0,0,0,0,0,0,0,0,0,0,0,0,0,0,0,0,0,0,0,0,0,0,0,0,0,0,0,0,1,1,2,2,0,-
South Korea,Share of wind and solar in electricity production,0,0,0,0,0,0,0,0,0,0,0,0,0,0,0,0,0,0,0,0,0,0,1,1,1,1,2,2,2,3,4,6,6,1,6
Taiwan,Share of wind and solar in electricity production,0,0,0,0,0,0,0,0,0,0,0,0,0,0,0,0,0,0,0,0,0,1,1,1,1,1,1,1,2,2,3,4,5,2,5
Thailand,Share of wind and solar in electricity production,0,0,0,0,0,0,0,0,0,0,0,0,0,0,0,0,0,0,0,0,0,0,0,1,1,2,2,3,3,5,5,5,5,0,5
Pacific,Share of wind and solar in electricity production,1,1,1,1,1,1,1,1,1,1,1,1,1,1,2,2,2,3,3,4,5,5,6,7,8,9,10,10,12,14,17,20,23,3,22
Australia,Share of wind and solar in electricity production,0,0,0,0,0,0,0,0,0,0,0,0,0,0,0,0,1,1,1,2,2,3,4,5,6,7,7,8,10,12,16,20,23,4,23
New Zealand,Share of wind and solar in electricity production,7,7,7,7,7,6,6,6,7,8,8,8,8,7,8,9,9,10,12,15,17,19,19,20,23,24,24,23,23,24,24,25,26,1,18
Africa,Share of wind and solar in electricity production,0,0,0,0,0,0,0,0,0,0,0,0,0,0,0,0,0,0,0,1,1,1,1,1,1,2,2,3,3,4,5,5,5,0,5
Algeria,Share of wind and solar in electricity production,0,0,0,0,0,0,0,0,0,0,0,0,0,0,0,0,0,0,0,0,0,0,0,0,0,0,0,1,1,1,1,1,1,0,-
Egypt,Share of wind and solar in electricity production,0,0,0,0,0,0,0,0,0,0,0,0,0,0,1,1,1,1,1,1,1,1,1,1,1,1,2,2,2,4,5,5,5,0,5
Nigeria,Share of wind and solar in electricity production,0,0,0,0,0,0,0,0,0,0,0,0,0,0,0,0,0,0,0,0,0,0,0,0,0,0,0,0,0,0,0,0,0,0,-
South Africa,Share of wind and solar in electricity production,0,0,0,0,0,0,0,0,0,0,0,0,0,0,0,0,0,0,0,0,0,0,0,0,1,2,3,4,4,5,5,6,6,1,-
Middle-East,Share of wind and solar in electricity production,0,0,0,0,0,0,0,0,0,0,0,0,0,0,0,0,0,0,0,0,0,0,0,0,0,0,0,0,1,1,1,2,2,0,2
Iran,Share of wind and solar in electricity production,0,0,0,0,0,0,0,0,0,0,0,0,0,0,0,0,0,0,0,0,0,0,0,0,0,0,0,0,0,0,0,0,0,0,0
Kuwait,Share of wind and solar in electricity production,0,0,0,0,0,0,0,0,0,0,0,0,0,0,0,0,0,0,0,0,0,0,0,0,0,0,0,0,0,0,0,0,0,0,-
Saudi Arabia,Share of wind and solar in electricity production,0,0,0,0,0,0,0,0,0,0,0,0,0,0,0,0,0,0,0,0,0,0,0,0,0,0,0,0,0,0,0,1,1,1,-
United Arab Emirates,Share of wind and solar in electricity production,0,0,0,0,0,0,0,0,0,0,0,0,0,0,0,0,0,0,0,0,0,0,0,0,0,0,0,1,1,3,4,4,5,0,-
World,Total energy consumption,8734,8788,8796,8884,8957,9182,9412,9510,9559,9773,10008,10090,10312,10679,11152,11468,11804,12120,12258,12139,12816,13026,13190,13385,13559,13578,13701,14000,14353,14523,13966,14647,14951,2,2
OECD,Total energy consumption,4524,4575,4624,4693,4778,4877,5022,5072,5090,5181,5299,5279,5325,5400,5501,5537,5550,5572,5494,5254,5429,5332,5290,5326,5277,5269,5285,5321,5370,5331,4976,5197,5180,0,0
G7,Total energy consumption,3489,3525,3567,3613,3675,3743,3836,3851,3871,3937,4028,3989,4011,4045,4119,4134,4117,4123,4036,3835,3947,3848,3801,3847,3821,3800,3778,3786,3830,3802,3504,3669,3663,0,0
BRICS,Total energy consumption,2270,2253,2215,2241,2217,2300,2348,2345,2352,2420,2476,2526,2610,2832,3077,3268,3492,3697,3822,3970,4307,4549,4701,4804,4947,4955,4972,5145,5376,5531,5561,5880,6059,3,4
Europe,Total energy consumption,1779,1776,1736,1734,1727,1778,1843,1834,1849,1832,1853,1888,1889,1937,1958,1970,1990,1964,1962,1857,1932,1873,1862,1843,1777,1804,1824,1858,1845,1815,1704,1784,1713,-4,0
European Union,Total energy consumption,1442,1437,1398,1393,1389,1433,1479,1471,1480,1466,1476,1512,1514,1549,1567,1575,1586,1563,1560,1470,1529,1481,1461,1445,1392,1408,1419,1443,1432,1407,1311,1374,1313,-4,-1
Belgium,Total energy consumption,47,49,50,49,52,53,56,56,57,57,58,58,56,58,58,58,57,56,58,56,60,56,54,56,53,53,56,55,53,55,51,56,51,-9,-1
Czechia,Total energy consumption,50,45,44,43,41,41,43,43,42,39,41,42,43,45,44,45,46,46,45,43,45,43,43,43,42,42,41,43,43,43,40,43,43,0,0
France,Total energy consumption,224,237,233,237,230,239,250,244,251,251,254,260,261,267,271,272,268,265,266,255,263,258,257,259,248,252,248,247,246,242,218,234,212,-9,-1
Germany,Total energy consumption,352,345,338,335,333,337,348,345,343,335,337,347,339,339,341,339,349,331,335,313,330,313,315,322,308,309,310,311,304,297,279,288,270,-7,-1
Italy,Total energy consumption,146,150,149,148,147,159,159,161,166,168,172,172,173,182,183,187,185,185,183,171,174,168,162,156,147,153,151,154,151,149,138,150,145,-3,-1
Netherlands,Total energy consumption,67,70,69,71,71,73,77,75,75,74,75,77,77,80,81,80,79,79,78,77,82,77,77,75,71,72,74,75,73,72,69,72,63,-12,-1
Poland,Total energy consumption,103,101,98,101,96,99,103,102,95,92,88,89,88,90,91,92,97,96,98,94,100,101,98,98,94,95,100,104,109,105,102,108,104,-4,1
Portugal,Total energy consumption,17,17,18,18,18,20,20,21,23,25,25,25,26,25,26,27,25,25,25,24,23,23,21,22,21,22,22,23,22,22,20,20,22,8,-1
Romania,Total energy consumption,62,51,46,46,43,47,48,45,41,36,36,37,38,40,39,39,40,40,40,35,35,36,35,32,32,32,32,33,34,33,32,34,32,-6,-1
Spain,Total energy consumption,88,91,92,89,94,101,99,106,111,116,122,125,128,133,139,142,142,144,139,128,128,126,125,116,113,117,118,124,124,120,108,115,115,0,0
Sweden,Total energy consumption,47,49,46,46,50,50,51,50,51,50,47,50,52,50,52,51,50,50,49,45,50,49,50,49,48,44,47,49,50,49,44,47,46,-3,0
United Kingdom,Total energy consumption,206,213,213,215,217,217,226,219,222,222,223,224,221,225,222,223,219,211,208,196,203,188,193,190,179,181,178,176,174,168,154,159,154,-3,-2
Norway,Total energy consumption,21,21,21,23,22,23,22,23,24,26,25,27,25,27,29,29,30,28,31,30,32,28,30,31,28,26,28,30,30,28,28,29,28,-4,0
Turkiye,Total energy consumption,51,51,53,56,56,61,67,70,71,70,76,70,74,79,81,84,93,100,98,98,104,111,117,114,119,129,137,147,145,147,147,160,156,-3,3
CIS,Total energy consumption,1380,1366,1233,1140,998,960,931,890,870,888,899,903,907,942,959,961,990,995,1017,939,1017,1047,1049,1024,995,960,989,1007,1077,1074,1046,1128,1092,-3,1
Kazakhstan,Total energy consumption,73,75,79,66,58,52,45,39,39,36,36,35,40,43,51,51,61,66,70,63,69,77,74,82,65,55,64,65,74,73,66,70,71,2,3
Russia,Total energy consumption,880,872,796,752,657,637,631,603,589,610,620,627,624,646,648,653,673,674,690,649,695,718,728,707,709,695,717,730,776,777,762,826,822,0,1
Ukraine,Total energy consumption,251,251,218,194,165,164,150,144,136,135,134,134,136,141,142,141,137,137,132,112,131,123,122,114,100,93,89,90,94,89,86,91,65,-29,-3
Uzbekistan,Total energy consumption,47,48,45,47,46,39,41,41,43,45,46,47,48,47,46,44,45,44,45,42,45,46,40,40,37,36,38,40,48,47,45,50,47,-7,0
America,Total energy consumption,2584,2610,2665,2710,2782,2817,2891,2938,2975,3054,3129,3082,3135,3172,3248,3285,3289,3352,3303,3162,3261,3258,3246,3324,3354,3321,3299,3300,3350,3356,3105,3251,3323,2,0
North America,Total energy consumption,2122,2137,2180,2222,2267,2298,2349,2373,2389,2452,2524,2476,2507,2525,2577,2591,2573,2614,2546,2424,2476,2457,2420,2465,2498,2471,2459,2465,2530,2531,2330,2434,2483,2,0
Canada,Total energy consumption,211,210,216,223,231,234,239,242,240,247,254,250,251,264,271,273,277,277,270,260,260,266,268,274,281,278,291,303,307,309,284,289,300,4,1
United States,Total energy consumption,1911,1926,1965,1999,2036,2064,2110,2131,2149,2205,2270,2226,2256,2261,2307,2318,2296,2337,2276,2164,2216,2191,2152,2191,2217,2192,2169,2162,2222,2222,2045,2145,2182,2,0
Latin America,Total energy consumption,462,473,485,488,515,519,542,565,586,602,605,606,628,646,670,694,716,738,756,738,785,801,826,859,857,851,839,835,821,825,775,817,840,3,2
Argentina,Total energy consumption,44,46,47,48,52,52,54,56,59,61,61,56,56,60,67,66,70,73,76,70,75,77,79,81,82,83,82,82,80,79,74,79,83,5,1
Brazil,Total energy consumption,141,143,145,149,156,162,170,179,183,188,188,192,197,200,212,217,225,237,251,242,268,272,282,295,305,299,288,293,289,294,288,301,308,2,2
Chile,Total energy consumption,14,14,15,16,17,18,20,23,24,25,25,25,26,26,28,28,30,31,30,30,31,34,37,38,35,36,38,38,39,41,38,38,39,1,2
Colombia,Total energy consumption,24,25,25,26,27,28,28,28,29,26,26,26,25,26,26,27,29,29,30,31,31,32,30,40,40,41,42,41,39,43,40,43,44,2,3
Mexico,Total energy consumption,124,130,131,133,136,132,135,142,146,150,151,155,157,168,171,181,184,183,184,180,179,187,192,192,188,185,185,181,185,183,174,183,188,2,1
Asia,Total energy consumption,2082,2101,2179,2280,2387,2530,2617,2674,2665,2755,2854,2909,3030,3243,3528,3725,3942,4145,4232,4417,4773,4965,5111,5248,5396,5428,5473,5664,5884,6051,6044,6340,6580,4,4
China,Total energy consumption,874,848,877,929,973,1045,1074,1073,1079,1099,1133,1171,1245,1420,1616,1782,1950,2099,2155,2297,2536,2723,2821,2912,2986,3001,2987,3098,3247,3396,3507,3689,3801,3,6
India,Total energy consumption,280,293,304,313,328,347,360,376,385,408,418,424,436,446,472,491,518,549,580,633,667,694,732,753,804,824,840,882,927,927,872,936,1005,7,4
Indonesia,Total energy consumption,98,103,107,118,117,129,134,138,135,141,151,154,160,160,170,173,177,176,178,188,196,200,199,191,199,196,200,208,223,232,220,228,276,21,3
Japan,Total energy consumption,439,443,453,456,481,494,504,509,500,508,518,509,511,507,524,522,522,516,497,477,501,465,453,457,440,434,431,433,426,415,387,404,400,-1,-1
Malaysia,Total energy consumption,21,26,29,32,32,34,38,44,42,42,48,51,52,56,60,66,66,71,75,71,73,76,77,87,89,85,88,92,94,97,93,96,100,4,3
South Korea,Total energy consumption,93,100,111,124,132,145,157,171,156,173,187,189,199,203,208,210,214,222,227,229,250,261,263,264,268,273,282,282,282,280,276,292,294,1,2
Taiwan,Total energy consumption,47,51,53,56,59,62,65,69,74,76,82,86,91,94,99,100,102,107,104,102,109,108,108,110,112,111,111,111,112,110,107,111,107,-4,1
Thailand,Total energy consumption,42,46,49,52,57,62,70,71,66,71,73,75,83,89,97,100,102,105,108,108,118,118,126,136,135,136,139,138,135,139,133,128,128,0,3
Pacific,Total energy consumption,104,104,106,111,111,113,120,121,124,127,129,127,131,132,135,135,139,144,148,148,149,150,150,152,153,153,153,154,155,156,157,154,156,1,1
Australia,Total energy consumption,87,86,88,92,92,94,100,101,104,106,108,106,109,111,113,113,118,121,126,126,126,127,126,127,127,127,126,128,129,129,131,128,129,1,1
New Zealand,Total energy consumption,14,14,15,15,16,16,16,17,16,17,17,17,17,17,18,17,17,17,18,18,19,19,20,20,21,21,21,21,20,21,20,20,20,2,1
Africa,Total energy consumption,380,391,396,407,416,434,447,459,471,484,489,501,508,534,562,580,596,619,645,660,677,706,723,736,771,766,787,798,808,834,816,845,869,3,3
Algeria,Total energy consumption,22,23,24,24,23,24,23,24,25,27,27,27,29,31,31,32,35,37,37,41,42,43,47,49,54,56,56,57,61,63,60,64,66,3,4
Egypt,Total energy consumption,34,34,34,36,34,37,39,40,43,44,42,47,49,50,55,63,67,71,74,75,75,78,81,79,81,81,89,93,92,92,88,95,96,1,4
Nigeria,Total energy consumption,66,70,72,74,72,73,76,79,80,83,87,91,94,98,99,105,106,110,113,111,127,139,140,143,146,144,149,150,149,158,159,165,167,1,3
South Africa,Total energy consumption,95,97,93,99,103,109,112,115,116,115,117,113,107,120,130,125,127,137,147,148,140,143,138,136,143,137,141,140,137,137,132,128,122,-5,0
Middle-East,Total energy consumption,223,236,265,288,313,321,326,348,352,365,381,415,435,440,459,495,523,551,599,620,648,663,698,708,748,764,781,804,810,815,798,823,852,4,4
Iran,Total energy consumption,69,77,81,87,97,101,98,109,111,126,123,133,138,143,156,173,180,191,205,204,204,208,218,222,238,238,245,267,273,269,264,271,276,2,4
Kuwait,Total energy consumption,9,3,9,12,14,15,14,15,17,18,19,20,20,21,24,27,25,24,28,29,29,28,29,30,27,33,36,34,34,36,39,44,48,9,4
Saudi Arabia,Total energy consumption,58,68,77,80,84,84,90,87,92,94,107,110,124,125,122,129,139,146,161,174,194,203,210,207,229,234,236,240,232,232,230,234,254,8,4
United Arab Emirates,Total energy consumption,20,23,22,23,26,28,29,31,32,32,31,44,43,42,42,44,46,50,59,64,61,61,64,68,77,85,90,76,78,83,83,83,87,5,5
World,Share of electricity in total final energy consumption,13,14,14,14,14,14,14,15,15,15,15,16,16,16,16,16,16,17,17,17,17,18,18,18,18,18,19,19,19,19,20,20,20,0,5
OECD,Share of electricity in total final energy consumption,18,18,18,18,18,19,18,19,19,19,20,20,20,20,20,21,21,21,22,22,22,22,22,22,22,22,22,22,22,22,23,23,23,0,3
G7,Share of electricity in total final energy consumption,18,19,19,19,19,19,19,19,20,20,20,20,21,20,21,21,21,22,22,22,22,22,23,22,22,22,22,22,22,22,23,23,23,0,3
BRICS,Share of electricity in total final energy consumption,9,10,10,10,10,10,11,11,12,12,12,13,13,14,14,14,15,15,16,16,16,17,17,18,19,19,19,20,21,22,22,23,23,0,11
Europe,Share of electricity in total final energy consumption,16,17,17,17,17,17,17,18,18,18,19,19,19,19,19,19,20,20,20,20,20,21,21,21,21,21,21,21,21,21,22,21,22,0,3
European Union,Share of electricity in total final energy consumption,16,16,16,17,17,17,17,17,17,18,18,18,19,19,19,19,19,20,20,20,20,20,21,21,21,21,21,21,21,21,21,21,21,0,3
Belgium,Share of electricity in total final energy consumption,15,15,15,15,15,15,14,15,15,15,15,15,16,16,16,16,17,18,17,17,17,18,17,17,17,17,17,17,17,17,17,17,17,0,2
Czechia,Share of electricity in total final energy consumption,12,13,13,13,14,15,15,15,15,16,16,16,16,16,16,16,16,17,17,17,17,17,17,17,18,18,18,18,18,18,18,18,18,0,2
France,Share of electricity in total final energy consumption,18,18,18,19,19,19,19,19,19,20,20,20,20,21,21,21,22,22,23,23,24,23,24,24,24,24,24,24,25,24,25,25,25,0,5
Germany,Share of electricity in total final energy consumption,16,16,16,16,16,16,16,16,17,17,18,18,18,18,19,19,19,20,19,19,19,20,20,19,20,20,19,19,19,19,19,19,19,0,1
Italy,Share of electricity in total final energy consumption,16,16,16,16,17,17,17,17,17,17,18,18,18,18,18,18,19,19,19,19,19,20,20,20,21,21,21,21,21,21,22,21,22,1,4
Netherlands,Share of electricity in total final energy consumption,11,11,12,12,12,12,12,12,13,13,14,14,14,13,14,14,14,15,15,15,14,15,14,15,16,16,15,15,16,16,17,16,18,2,4
Poland,Share of electricity in total final energy consumption,13,12,12,11,11,12,12,12,13,13,14,14,14,14,14,14,14,15,15,15,14,15,15,16,16,16,16,15,15,16,16,16,16,0,2
Portugal,Share of electricity in total final energy consumption,15,16,16,16,16,16,16,16,16,17,17,17,18,18,19,19,21,21,21,22,23,23,24,24,24,24,25,24,25,25,26,25,25,0,8
Romania,Share of electricity in total final energy consumption,11,11,12,12,11,11,11,11,11,12,12,13,12,13,13,12,13,13,14,14,15,15,15,15,16,16,16,16,16,16,15,15,15,0,3
Spain,Share of electricity in total final energy consumption,17,17,17,18,17,17,18,18,18,19,19,19,19,19,20,20,21,21,22,22,23,23,24,24,24,25,24,24,24,23,24,23,23,0,5
Sweden,Share of electricity in total final energy consumption,32,32,30,30,30,29,29,29,29,30,31,32,31,31,32,32,32,32,32,33,32,32,33,32,32,33,33,32,33,33,33,33,33,-1,2
United Kingdom,Share of electricity in total final energy consumption,17,17,17,17,17,17,17,18,18,18,19,19,19,19,19,20,20,20,21,21,20,22,21,21,21,21,20,20,20,20,21,20,21,0,2
Norway,Share of electricity in total final energy consumption,48,49,50,49,49,48,47,47,48,47,47,47,47,44,45,46,45,45,46,46,45,44,45,45,45,45,46,46,46,46,47,47,47,-1,-1
Turkiye,Share of electricity in total final energy consumption,9,9,10,10,11,11,11,12,13,14,14,15,15,15,16,16,16,17,18,17,18,19,19,19,20,19,20,20,21,20,20,21,21,1,8
CIS,Share of electricity in total final energy consumption,11,11,12,12,12,12,13,13,13,13,13,13,13,13,13,14,14,14,14,14,14,14,14,15,15,15,15,15,14,14,14,14,14,0,1
Kazakhstan,Share of electricity in total final energy consumption,14,13,12,12,12,11,11,11,10,11,14,15,16,15,14,13,14,12,10,12,13,13,14,13,14,15,15,16,16,16,15,15,14,-1,0
Russia,Share of electricity in total final energy consumption,11,11,11,11,12,12,12,13,13,13,13,13,13,13,14,14,14,14,15,14,14,14,14,15,14,14,14,14,13,13,13,13,13,0,0
Ukraine,Share of electricity in total final energy consumption,11,11,12,13,13,13,12,12,13,13,13,12,12,13,12,13,13,13,14,15,15,15,16,16,17,19,18,19,19,20,19,20,19,-1,6
Uzbekistan,Share of electricity in total final energy consumption,10,10,11,11,10,11,12,11,10,9,9,9,8,9,9,9,9,9,9,10,9,9,11,11,13,14,14,14,16,15,14,14,15,0,5
America,Share of electricity in total final energy consumption,17,18,18,18,18,18,18,18,19,19,19,19,19,19,19,20,20,20,20,21,20,21,21,21,21,21,21,21,21,21,22,21,21,0,2
North America,Share of electricity in total final energy consumption,18,19,19,19,19,20,19,19,20,20,20,20,21,20,20,21,21,21,22,22,22,22,22,22,22,22,22,22,22,21,23,22,22,0,2
Canada,Share of electricity in total final energy consumption,23,23,23,23,22,22,22,22,22,22,22,23,23,22,22,22,22,22,22,23,22,22,22,22,22,22,22,22,22,23,24,24,24,0,1
United States,Share of electricity in total final energy consumption,18,19,19,19,19,19,19,19,20,20,20,20,20,20,20,21,21,21,22,22,22,22,22,22,22,22,22,21,21,21,23,22,22,0,3
Latin America,Share of electricity in total final energy consumption,12,13,13,13,13,14,13,14,14,14,15,15,15,16,16,16,16,16,17,17,17,17,17,17,18,18,18,18,19,19,20,19,19,-1,4
Argentina,Share of electricity in total final energy consumption,12,12,12,12,12,13,13,13,14,15,15,16,17,16,16,17,17,17,17,19,18,18,19,18,19,20,20,20,20,19,21,21,20,-1,5
Brazil,Share of electricity in total final energy consumption,16,16,16,17,16,17,17,17,17,17,18,16,17,17,17,18,18,18,18,18,18,18,18,18,18,18,19,18,19,19,19,19,19,-1,1
Chile,Share of electricity in total final energy consumption,12,12,13,13,13,14,14,14,14,15,15,17,17,18,19,19,19,20,20,21,20,20,21,21,23,23,23,23,23,23,24,24,24,0,8
Colombia,Share of electricity in total final energy consumption,12,12,13,13,13,14,14,14,14,13,14,14,15,15,16,16,16,16,16,18,18,17,17,17,17,18,17,18,18,19,20,19,18,0,5
Mexico,Share of electricity in total final energy consumption,10,10,10,10,11,12,11,11,12,12,13,13,14,15,15,15,15,15,15,16,16,17,18,17,18,18,19,19,20,21,23,21,19,-2,7
Asia,Share of electricity in total final energy consumption,10,10,11,11,11,12,12,12,13,13,14,14,14,15,15,15,16,16,17,17,17,18,18,19,19,20,20,21,22,23,23,24,24,0,11
China,Share of electricity in total final energy consumption,6,6,7,7,8,8,9,9,9,10,11,11,12,13,13,13,14,15,16,16,17,18,18,19,20,20,21,23,24,25,25,27,27,0,17
India,Share of electricity in total final energy consumption,8,9,9,10,10,11,10,11,11,11,11,11,11,12,12,12,13,13,13,13,14,14,15,15,16,16,16,16,17,17,17,17,18,1,7
Indonesia,Share of electricity in total final energy consumption,3,3,4,4,4,4,5,5,5,5,6,6,6,6,7,7,7,8,8,8,9,9,9,11,11,12,13,13,15,14,16,17,14,-3,8
Japan,Share of electricity in total final energy consumption,21,21,22,21,22,22,22,22,23,23,23,23,23,23,24,24,25,26,26,26,27,26,26,26,26,26,27,27,27,27,28,28,28,0,5
Malaysia,Share of electricity in total final energy consumption,13,13,14,14,15,15,16,17,18,18,18,18,18,19,18,19,19,18,18,22,23,22,22,21,21,23,23,21,21,21,22,21,21,0,3
South Korea,Share of electricity in total final energy consumption,12,12,12,12,12,13,13,14,15,15,17,18,18,19,20,21,22,22,22,23,23,24,24,24,23,23,24,23,24,23,24,24,24,1,7
Taiwan,Share of electricity in total final energy consumption,21,22,22,23,23,24,24,25,25,25,26,25,25,25,25,26,27,26,27,26,26,27,27,27,27,27,27,28,28,29,30,30,31,1,5
Thailand,Share of electricity in total final energy consumption,11,12,13,13,13,14,13,14,15,14,15,15,15,14,14,15,15,16,16,15,15,15,15,15,15,15,16,16,16,16,17,18,18,0,3
Pacific,Share of electricity in total final energy consumption,20,20,20,20,20,20,20,20,21,21,21,22,23,22,22,22,23,23,23,24,24,23,23,22,22,22,22,22,22,22,23,23,23,0,2
Australia,Share of electricity in total final energy consumption,19,20,20,20,20,20,20,20,21,21,21,22,23,22,22,22,23,23,23,24,24,23,23,22,22,22,22,22,22,23,24,24,24,0,3
New Zealand,Share of electricity in total final energy consumption,25,25,24,24,24,23,23,24,24,24,23,23,23,24,24,26,26,26,26,26,26,26,26,25,24,24,23,23,23,23,24,24,24,0,2
Africa,Share of electricity in total final energy consumption,8,8,8,8,8,8,9,9,9,9,9,9,9,9,9,10,10,10,10,9,10,10,10,10,10,10,10,10,10,10,10,10,10,0,1
Algeria,Share of electricity in total final energy consumption,8,8,9,8,9,10,10,10,11,10,11,11,11,11,11,12,11,11,11,10,11,11,11,12,11,12,12,13,12,12,13,13,13,1,3
Egypt,Share of electricity in total final energy consumption,13,14,14,14,15,15,16,16,16,16,17,17,17,19,20,19,19,18,19,20,22,21,22,22,24,23,22,22,22,23,24,23,24,0,6
Nigeria,Share of electricity in total final energy consumption,1,1,1,1,1,1,1,1,1,1,1,1,1,1,2,2,1,2,2,2,2,2,2,2,2,2,2,2,2,2,2,2,2,0,1
South Africa,Share of electricity in total final energy consumption,25,26,25,26,27,26,29,30,28,29,30,31,32,32,31,31,31,30,29,27,31,31,29,28,28,28,30,27,28,29,29,30,30,0,0
Middle-East,Share of electricity in total final energy consumption,11,11,11,11,11,11,12,12,12,13,13,13,13,13,13,13,13,13,13,13,14,14,14,15,15,15,15,16,16,16,17,17,17,0,4
Iran,Share of electricity in total final energy consumption,8,8,7,8,7,7,8,8,8,9,9,9,9,10,9,9,9,9,9,9,10,10,11,10,11,10,11,11,11,11,12,12,12,0,4
Kuwait,Share of electricity in total final energy consumption,21,32,19,18,19,18,21,22,21,23,21,22,24,19,20,19,22,25,22,20,20,19,19,20,27,27,27,27,27,27,29,28,28,-1,6
Saudi Arabia,Share of electricity in total final energy consumption,12,12,12,13,12,13,12,13,13,14,12,12,12,13,13,13,13,13,13,13,12,13,14,16,15,15,16,16,17,16,17,18,17,0,6
United Arab Emirates,Share of electricity in total final energy consumption,8,7,8,9,9,9,9,9,11,13,14,12,13,14,15,16,18,17,17,16,16,16,16,16,16,17,16,18,21,19,19,20,20,0,6
World,Average emission factor,2,2,2,2,2,2,2,2,2,2,2,2,2,2,2,2,2,2,2,2,2,2,2,2,2,2,2,2,2,2,2,2,2,1,0
OECD,Average emission factor,2,2,2,2,2,2,2,2,2,2,2,2,2,2,2,2,2,2,2,2,2,2,2,2,2,2,2,2,2,2,2,2,2,1,-1
G7,Average emission factor,2,2,2,2,2,2,2,2,2,2,2,2,2,2,2,2,2,2,2,2,2,2,2,2,2,2,2,2,2,2,2,2,2,1,-1
BRICS,Average emission factor,2,2,3,2,3,3,2,2,3,2,2,3,3,3,3,3,3,3,3,3,3,3,3,3,3,3,3,3,3,3,3,3,3,-1,0
Europe,Average emission factor,2,2,2,2,2,2,2,2,2,2,2,2,2,2,2,2,2,2,2,2,2,2,2,2,2,2,2,2,2,2,2,2,2,2,-1
European Union,Average emission factor,2,2,2,2,2,2,2,2,2,2,2,2,2,2,2,2,2,2,2,2,2,2,2,2,2,2,2,2,2,2,2,2,2,3,-1
Belgium,Average emission factor,2,2,2,2,2,2,2,2,2,2,2,2,2,2,2,2,2,2,2,2,2,2,2,2,2,2,2,2,2,2,2,2,2,4,-1
Czechia,Average emission factor,3,3,3,3,3,3,3,3,3,3,3,3,3,3,3,3,3,3,3,3,3,3,2,2,2,2,2,2,2,2,2,2,2,3,-1
France,Average emission factor,2,2,2,2,2,2,2,2,2,2,2,1,1,1,1,1,1,1,1,1,1,1,1,1,1,1,1,1,1,1,1,1,1,6,-1
Germany,Average emission factor,3,3,3,3,3,3,3,3,3,2,2,2,2,2,2,2,2,2,2,2,2,2,2,2,2,2,2,2,2,2,2,2,2,4,0
Italy,Average emission factor,3,3,3,3,3,3,3,3,3,3,3,3,3,3,3,2,2,2,2,2,2,2,2,2,2,2,2,2,2,2,2,2,2,3,-1
Netherlands,Average emission factor,3,3,3,3,3,2,2,2,2,2,2,2,2,2,2,2,2,2,2,2,2,2,2,2,2,2,2,2,2,2,2,2,2,2,0
Poland,Average emission factor,3,4,4,3,4,3,3,3,3,3,3,3,3,3,3,3,3,3,3,3,3,3,3,3,3,3,3,3,3,3,3,3,3,-1,-1
Portugal,Average emission factor,2,2,3,2,2,2,2,2,2,3,2,2,2,2,2,2,2,2,2,2,2,2,2,2,2,2,2,2,2,2,2,2,2,-1,-2
Romania,Average emission factor,3,3,3,3,3,3,3,3,2,2,2,3,2,2,2,2,2,2,2,2,2,2,2,2,2,2,2,2,2,2,2,2,2,-1,-1
Spain,Average emission factor,2,2,2,2,2,2,2,2,2,2,2,2,2,2,2,2,2,2,2,2,2,2,2,2,2,2,2,2,2,2,2,2,2,5,-1
Sweden,Average emission factor,1,1,1,1,1,1,1,1,1,1,1,1,1,1,1,1,1,1,1,1,1,1,1,1,1,1,1,1,1,1,1,1,1,4,-1
United Kingdom,Average emission factor,3,3,3,3,2,2,2,2,2,2,2,2,2,2,2,2,2,3,2,2,2,2,2,2,2,2,2,2,2,2,2,2,2,1,-1
Norway,Average emission factor,1,1,1,1,1,1,2,1,1,1,1,1,1,1,1,1,1,1,1,1,1,1,1,1,1,2,1,1,1,1,1,1,1,3,0
Turkiye,Average emission factor,3,3,3,3,3,3,3,3,3,3,3,3,3,3,3,3,3,3,3,3,3,3,3,3,3,3,3,3,3,3,3,3,3,0,0
CIS,Average emission factor,3,3,3,3,3,3,2,2,2,2,2,2,2,2,2,2,2,2,2,2,2,2,2,2,2,2,2,2,2,2,2,2,2,1,0
Kazakhstan,Average emission factor,3,3,3,3,3,3,3,3,3,3,3,3,3,3,3,3,3,3,3,3,3,3,3,3,3,3,3,3,3,3,3,3,3,2,0
Russia,Average emission factor,2,3,3,2,2,2,2,2,2,2,2,2,2,2,2,2,2,2,2,2,2,2,2,2,2,2,2,2,2,2,2,2,2,1,-1
Ukraine,Average emission factor,3,3,3,3,3,3,2,2,2,2,2,2,2,2,2,2,2,2,2,2,2,2,2,2,2,2,2,2,2,2,2,2,2,-3,-1
Uzbekistan,Average emission factor,3,3,2,2,2,2,2,2,3,3,3,3,3,2,3,3,3,3,3,3,3,3,3,3,3,3,3,3,2,2,2,2,2,1,0
America,Average emission factor,2,2,2,2,2,2,2,2,2,2,2,2,2,2,2,2,2,2,2,2,2,2,2,2,2,2,2,2,2,2,2,2,2,0,-1
North America,Average emission factor,2,2,2,2,2,2,2,3,3,3,3,3,2,2,2,2,2,2,2,2,2,2,2,2,2,2,2,2,2,2,2,2,2,-1,-1
Canada,Average emission factor,2,2,2,2,2,2,2,2,2,2,2,2,2,2,2,2,2,2,2,2,2,2,2,2,2,2,2,2,2,2,2,2,2,-1,-1
United States,Average emission factor,3,3,2,3,3,3,3,3,3,3,3,3,3,3,3,3,2,2,2,2,2,2,2,2,2,2,2,2,2,2,2,2,2,-1,-1
Latin America,Average emission factor,2,2,2,2,2,2,2,2,2,2,2,2,2,2,2,2,2,2,2,2,2,2,2,2,2,2,2,2,2,2,2,2,2,0,0
Argentina,Average emission factor,2,2,2,2,2,2,2,2,2,2,2,2,2,2,2,2,2,2,2,2,2,2,2,2,2,2,2,2,2,2,2,2,2,1,0
Brazil,Average emission factor,1,1,1,1,1,1,1,2,2,2,2,2,2,2,2,1,1,1,1,1,1,1,2,2,2,2,2,2,1,1,1,1,1,-8,-1
Chile,Average emission factor,2,2,2,2,2,2,2,2,2,2,2,2,2,2,2,2,2,2,2,2,2,2,2,2,2,2,2,2,2,2,2,2,2,-5,0
Colombia,Average emission factor,2,2,2,2,2,2,2,2,2,2,2,2,2,2,2,2,2,2,2,2,2,2,2,2,2,2,2,2,2,2,2,2,2,-1,-1
Mexico,Average emission factor,2,2,2,2,2,2,2,2,2,2,2,2,2,2,2,2,2,2,2,2,3,2,2,2,2,2,2,3,2,2,2,2,2,8,0
Asia,Average emission factor,2,2,2,2,2,2,2,2,2,2,2,2,2,3,3,3,3,3,3,3,3,3,3,3,3,3,3,3,3,3,3,3,3,1,0
China,Average emission factor,3,3,3,3,3,3,3,3,3,3,3,3,3,3,3,3,3,3,3,3,3,3,3,3,3,3,3,3,3,3,3,3,3,-2,0
India,Average emission factor,2,2,2,2,2,2,2,2,2,2,2,2,2,2,2,2,2,2,2,2,2,2,2,2,3,2,2,2,2,2,2,2,2,1,1
Indonesia,Average emission factor,1,2,2,2,2,2,2,2,2,2,2,2,2,2,2,2,2,2,2,2,2,2,2,2,2,2,2,2,2,3,2,3,3,6,2
Japan,Average emission factor,2,2,2,2,2,2,2,2,2,2,2,2,2,2,2,2,2,2,2,2,2,3,3,3,3,3,3,3,3,2,3,2,3,1,1
Malaysia,Average emission factor,2,2,2,2,2,2,2,2,2,3,2,2,2,2,2,2,3,3,3,2,3,3,3,3,3,3,3,3,3,3,3,3,3,1,0
South Korea,Average emission factor,3,3,3,3,3,3,3,2,2,2,2,2,2,2,2,2,2,2,2,2,2,2,2,2,2,2,2,2,2,2,2,2,2,-4,-1
Taiwan,Average emission factor,2,2,2,2,3,3,3,3,3,3,3,3,3,3,3,3,3,3,2,2,2,2,2,2,2,2,2,3,2,2,2,2,3,7,0
Thailand,Average emission factor,2,2,2,2,2,2,2,2,2,2,2,2,2,2,2,2,2,2,2,2,2,2,2,2,2,2,2,2,2,2,2,2,2,2,0
Pacific,Average emission factor,3,3,3,3,3,3,3,3,3,3,3,3,3,3,3,3,3,3,3,3,3,3,3,3,3,3,3,3,3,3,3,3,3,-2,-1
Australia,Average emission factor,3,3,3,3,3,3,3,3,3,3,3,3,3,3,3,3,3,3,3,3,3,3,3,3,3,3,3,3,3,3,3,3,3,-1,-1
New Zealand,Average emission factor,2,2,2,2,2,2,2,2,2,2,2,2,2,2,2,2,2,2,2,2,2,2,2,2,2,2,2,2,2,2,2,2,1,-4,-1
Africa,Average emission factor,1,1,1,1,1,1,1,1,1,1,1,1,1,1,1,1,1,1,2,1,2,1,2,2,2,2,2,2,2,2,1,1,1,-1,0
Algeria,Average emission factor,2,2,2,2,2,2,2,2,2,2,2,2,2,2,2,2,2,2,2,2,2,2,2,2,2,2,2,2,2,2,2,2,2,-1,0
Egypt,Average emission factor,2,2,2,2,2,2,2,2,2,2,2,2,2,2,2,2,2,2,2,2,2,2,2,2,2,3,2,2,2,2,2,2,2,-1,0
Nigeria,Average emission factor,0,0,1,1,0,0,0,1,0,0,1,1,1,1,1,1,1,0,0,0,0,0,1,1,1,1,1,1,1,1,1,1,1,0,1
South Africa,Average emission factor,3,2,3,2,2,2,2,2,3,2,2,3,3,3,3,3,3,3,3,3,3,3,3,3,3,3,3,3,3,3,3,3,3,0,1
Middle-East,Average emission factor,3,3,3,3,3,3,3,3,3,3,3,2,2,2,3,3,3,3,2,2,2,3,2,3,2,2,2,2,2,2,2,2,2,2,0
Iran,Average emission factor,3,3,3,3,3,3,3,3,3,2,3,3,3,3,3,2,3,3,2,3,3,3,2,3,2,2,2,2,2,2,2,2,2,0,-1
Kuwait,Average emission factor,3,3,3,2,2,2,2,2,2,2,3,3,3,3,2,2,3,3,3,3,3,3,3,3,3,3,2,3,3,3,2,2,2,0,0
Saudi Arabia,Average emission factor,3,2,2,2,2,2,2,2,2,3,2,2,2,2,2,2,2,2,2,2,2,2,2,2,2,2,2,2,2,2,2,2,2,2,0
United Arab Emirates,Average emission factor,3,3,3,3,3,3,2,2,2,3,3,2,2,2,3,3,2,2,2,2,3,3,3,3,2,2,2,2,2,2,2,2,2,-3,-1
World,Share of renewables in electricity production,20,20,20,20,20,20,20,20,20,19,19,18,18,18,18,18,19,18,19,20,20,20,21,22,22,23,24,25,25,26,28,28,30,2,11
OECD,Share of renewables in electricity production,18,18,17,18,17,18,18,17,17,16,16,15,16,16,16,16,16,16,17,18,18,19,20,22,22,23,24,25,26,27,30,30,31,2,15
G7,Share of renewables in electricity production,15,15,15,15,15,15,16,15,14,14,14,13,14,14,14,14,14,14,15,16,16,18,18,19,20,21,22,24,24,26,28,28,29,2,16
BRICS,Share of renewables in electricity production,24,24,24,25,26,26,24,25,25,24,23,23,22,21,22,22,21,21,22,22,22,21,23,23,24,24,26,26,27,28,29,29,31,2,8
Europe,Share of renewables in electricity production,18,18,19,20,20,20,19,19,20,20,20,20,19,18,19,20,20,21,22,24,25,25,28,31,32,34,34,34,36,39,43,41,43,2,23
European Union,Share of renewables in electricity production,14,15,15,16,16,16,15,16,16,16,16,17,15,15,16,16,17,18,19,21,23,23,26,29,30,30,31,31,33,35,39,38,39,1,23
Belgium,Share of renewables in electricity production,2,2,2,2,2,2,2,2,2,2,3,3,3,3,3,4,5,5,7,8,8,11,14,16,19,22,18,20,24,22,27,24,26,3,23
Czechia,Share of renewables in electricity production,2,2,3,3,4,4,4,4,4,5,4,4,4,3,4,5,5,4,5,6,8,9,10,12,12,13,13,12,12,13,14,14,14,0,10
France,Share of renewables in electricity production,14,14,16,15,18,16,14,14,14,15,14,15,13,12,12,11,12,13,14,14,15,12,16,18,17,17,18,17,20,21,24,23,26,3,12
Germany,Share of renewables in electricity production,4,4,4,5,5,6,6,5,5,6,7,7,8,8,10,11,12,15,16,17,18,21,24,25,27,30,30,34,36,41,45,40,44,4,38
Italy,Share of renewables in electricity production,18,22,22,22,22,19,21,20,20,22,21,22,20,19,20,18,18,17,20,25,27,28,32,39,44,39,38,36,40,40,42,41,36,-5,15
Netherlands,Share of renewables in electricity production,1,1,1,1,2,2,2,2,3,3,3,4,4,4,5,8,8,7,9,10,9,11,12,12,11,12,13,15,17,19,27,33,40,7,36
Poland,Share of renewables in electricity production,3,3,3,3,3,3,3,3,3,3,3,3,3,3,3,4,3,4,5,6,7,8,11,11,13,14,14,14,13,16,18,17,21,4,18
Portugal,Share of renewables in electricity production,35,33,20,31,37,29,46,42,37,21,30,35,22,39,28,19,33,35,33,38,53,47,44,59,61,49,56,41,51,54,60,65,61,-4,31
Romania,Share of renewables in electricity production,18,26,22,23,24,28,26,31,36,36,29,28,30,24,29,34,29,26,27,27,34,27,26,35,42,40,42,38,41,42,45,45,43,-2,14
Spain,Share of renewables in electricity production,18,19,14,17,19,16,24,20,20,14,17,22,16,23,19,16,19,20,21,26,34,31,30,41,41,36,39,33,39,38,45,47,43,-4,26
Sweden,Share of renewables in electricity production,51,45,53,53,43,48,38,48,49,48,57,52,49,43,45,51,50,52,54,59,55,56,59,54,56,63,57,58,56,59,69,67,69,1,11
United Kingdom,Share of renewables in electricity production,2,2,3,2,3,3,2,2,3,3,3,3,4,3,4,5,6,6,7,8,8,10,12,16,20,26,25,30,34,38,44,41,43,3,40
Norway,Share of renewables in electricity production,100,100,100,100,100,100,100,100,100,100,100,100,100,99,99,100,99,99,99,97,96,97,98,98,98,98,98,98,98,98,98,99,99,-1,-1
Turkiye,Share of renewables in electricity production,40,38,40,46,39,42,43,39,38,30,25,20,26,25,31,25,25,19,17,20,26,25,27,29,21,32,33,29,32,44,42,35,42,6,17
CIS,Share of renewables in electricity production,14,14,15,17,19,19,17,18,19,19,18,19,18,17,18,18,17,17,15,17,16,16,15,17,16,16,17,17,17,17,19,19,18,-1,0
Kazakhstan,Share of renewables in electricity production,8,8,8,10,14,13,12,13,13,13,15,14,15,14,12,12,11,11,9,9,10,9,8,8,9,10,13,11,10,11,11,11,12,1,-3
Russia,Share of renewables in electricity production,15,16,17,18,20,21,18,19,19,19,19,20,18,17,19,18,18,18,16,18,16,16,16,17,17,16,17,17,17,18,20,19,18,-2,-1
Ukraine,Share of renewables in electricity production,4,4,3,5,6,5,5,6,9,8,7,7,6,5,7,7,7,5,6,7,7,6,6,8,6,5,7,8,9,9,12,14,17,3,10
Uzbekistan,Share of renewables in electricity production,12,11,12,15,15,13,14,13,13,16,8,9,12,17,12,19,10,10,9,13,16,11,13,10,11,12,12,13,9,10,8,8,9,1,1
America,Share of renewables in electricity production,25,25,25,25,25,26,27,26,25,24,24,22,23,24,23,24,24,24,25,26,26,28,27,28,28,28,30,32,31,32,34,34,37,3,14
North America,Share of renewables in electricity production,19,18,18,18,17,18,19,18,17,16,16,14,16,16,15,16,16,15,16,17,17,19,19,20,20,20,22,24,23,24,26,27,28,2,13
Canada,Share of renewables in electricity production,62,61,62,62,60,61,63,62,60,61,61,58,60,59,59,60,60,60,61,63,61,63,64,64,63,64,65,67,66,66,67,67,69,2,8
United States,Share of renewables in electricity production,12,11,11,11,10,11,12,12,10,10,9,7,9,10,9,9,10,9,10,11,11,13,12,13,13,14,15,17,17,18,20,21,22,2,13
Latin America,Share of renewables in electricity production,66,66,66,68,67,66,66,65,63,62,62,58,59,58,58,59,59,58,58,58,57,58,55,53,53,52,54,55,56,56,60,58,65,7,3
Argentina,Share of renewables in electricity production,36,31,35,39,42,40,33,39,36,27,33,42,43,38,31,33,34,29,27,30,28,26,24,26,25,24,22,24,24,25,26,25,31,6,-2
Brazil,Share of renewables in electricity production,95,95,94,95,95,94,94,93,93,90,90,84,86,87,86,87,87,88,84,89,85,87,83,77,73,74,81,79,82,82,84,77,89,12,0
Chile,Share of renewables in electricity production,54,71,83,82,74,72,61,62,48,38,49,54,56,50,47,54,55,44,46,49,40,40,36,36,43,44,43,44,46,47,49,46,55,9,6
Colombia,Share of renewables in electricity production,76,76,69,73,79,76,83,72,70,80,76,74,77,79,82,80,81,82,84,73,71,82,78,69,69,64,66,79,77,70,66,73,75,2,-1
Mexico,Share of renewables in electricity production,25,22,26,25,19,24,25,20,18,21,20,17,15,12,14,15,15,14,18,13,17,15,14,13,18,15,15,16,15,16,20,23,22,-1,2
Asia,Share of renewables in electricity production,18,17,16,16,15,15,14,14,15,14,13,14,13,13,14,14,14,14,15,15,16,15,17,18,19,20,21,22,22,24,25,26,27,1,14
China,Share of renewables in electricity production,20,19,18,18,18,19,18,18,18,17,17,19,18,15,16,16,16,15,18,18,19,17,20,21,22,24,25,25,26,27,29,29,31,2,14
India,Share of renewables in electricity production,25,23,21,20,22,18,16,16,17,15,14,13,12,13,15,17,18,18,17,16,17,18,16,18,17,15,16,17,18,20,21,21,22,1,8
Indonesia,Share of renewables in electricity production,21,21,24,20,16,17,16,10,16,14,16,18,15,14,14,14,12,13,13,13,16,12,11,12,12,11,13,13,17,17,19,18,19,0,3
Japan,Share of renewables in electricity production,12,13,11,13,9,11,10,11,11,10,10,10,10,11,11,10,11,9,10,10,10,11,10,11,12,14,15,16,17,19,20,21,22,1,11
Malaysia,Share of renewables in electricity production,17,17,15,14,17,14,10,7,8,12,10,10,7,6,7,6,7,7,8,7,6,7,7,9,10,10,14,17,17,16,16,18,16,-2,6
South Korea,Share of renewables in electricity production,6,4,4,4,3,3,3,2,3,3,2,2,2,2,2,1,1,1,2,2,2,2,2,2,3,3,4,4,5,5,6,7,8,1,6
Taiwan,Share of renewables in electricity production,9,6,8,6,8,7,7,7,7,6,5,6,4,4,4,4,4,4,4,4,4,4,5,5,4,5,5,5,5,6,6,7,9,2,3
Thailand,Share of renewables in electricity production,11,9,7,6,6,9,9,8,6,5,7,7,8,7,6,6,7,7,7,7,6,8,8,8,8,8,14,14,17,18,17,17,18,1,11
Pacific,Share of renewables in electricity production,23,23,21,23,23,23,22,20,20,19,19,17,18,18,19,18,18,18,17,18,19,21,20,23,25,24,25,26,27,29,31,35,39,4,20
Australia,Share of renewables in electricity production,10,11,10,11,10,10,9,10,9,9,9,8,8,9,8,9,9,9,8,8,9,10,11,13,15,13,15,16,17,20,23,27,31,4,22
New Zealand,Share of renewables in electricity production,80,77,73,77,82,84,79,70,76,70,72,64,70,66,73,65,65,66,65,72,73,76,72,75,80,81,85,82,84,82,80,81,87,5,15
Africa,Share of renewables in electricity production,18,19,18,18,17,17,17,17,17,18,18,19,18,17,17,17,17,17,17,17,17,17,17,17,18,18,18,19,20,21,22,23,25,2,7
Algeria,Share of renewables in electricity production,1,2,1,2,1,1,1,0,1,1,0,0,0,1,1,2,1,1,1,1,0,1,1,1,0,0,1,1,1,1,1,1,1,0,1
Egypt,Share of renewables in electricity production,24,22,21,22,22,22,21,21,19,21,18,18,15,14,13,12,12,13,12,10,9,9,9,9,9,9,8,8,9,12,12,11,13,1,-5
Nigeria,Share of renewables in electricity production,33,42,41,38,36,35,34,35,38,38,38,38,38,37,33,33,27,27,27,23,24,22,20,19,17,19,22,24,23,26,24,29,28,-1,-10
South Africa,Share of renewables in electricity production,2,2,1,1,1,1,2,2,2,2,2,2,2,2,2,2,2,2,2,2,2,2,2,2,3,4,4,6,7,7,7,9,10,2,8
Middle-East,Share of renewables in electricity production,5,5,5,5,4,3,3,3,3,2,2,2,2,3,3,4,4,4,2,2,2,2,2,2,2,2,2,2,2,3,3,3,3,0,2
Iran,Share of renewables in electricity production,10,11,14,13,9,9,8,7,7,4,3,4,6,7,6,9,10,9,2,3,4,5,5,6,5,5,6,5,5,5,5,3,4,0,1
Kuwait,Share of renewables in electricity production,0,0,0,0,0,0,0,0,0,0,0,0,0,0,0,0,0,0,0,0,0,0,0,0,0,0,0,0,0,0,0,0,0,0,-
Saudi Arabia,Share of renewables in electricity production,0,0,0,0,0,0,0,0,0,0,0,0,0,0,0,0,0,0,0,0,0,0,0,0,0,0,0,0,0,0,0,1,1,1,-
United Arab Emirates,Share of renewables in electricity production,0,0,0,0,0,0,0,0,0,0,0,0,0,0,0,0,0,0,0,0,0,0,0,0,0,0,0,1,1,3,4,4,5,0,-
